,Spread;Duration,Yield;to;Worst,split
0,5.396966,4.349217522269502,0.7951013515264955
1,1.286593,14.915992072276168,-0.5258258899488255
2,0.908148,23.851687455619963,0.8977135812720919
3,4.146053,3.998529615014829,-0.38427601064324113
4,2.080777,6.471027820467718,0.42925413780102145
6,1.6852330000000002,6.6195360158920185,0.5735993377914174
7,9.061922000000001,10.063466098396287,-0.5863231279663598
8,8.980941,9.991541044711543,-0.4178154748358575
9,1.1062889999999999,4.689791779880417,0.10999174380180812
10,8.560215,10.278193297297477,-0.7145101962265518
11,1.101653,0.9321632880692812,-0.1371661502063364
12,1.334339,1.107350981268187,1.6965063111688
13,2.331138,1.4028590164602583,1.1790892179350356
16,2.196066,1.1630438967903771,-0.31356348288241276
17,3.393253,1.2130233849181318,-1.41236070833965
21,6.632225999999999,2.0387822651544867,1.5018133836563117
24,12.775893,2.7338623131514512,-0.515049592803112
25,16.88344,3.01262034474718,0.5323944278352162
28,1.2907309999999999,4.157154668414568,1.672655987875134
29,1.8880310000000002,32.925021981588536,-0.6197468562581805
32,1.45011,2.3225416992460555,-0.5317996480054797
36,2.5664700000000003,1.7649979610723825,-0.31660175001755675
37,5.976207,2.535837091957609,1.670007052517596
38,6.6122630000000004,2.6145296049899485,-1.3316308003081971
39,4.484762,2.906855743463283,-0.0032002174147452637
40,2.076523,2.031737740148849,-0.2324438122959102
41,2.41052,2.2496899592214583,1.0687841812108936
42,6.2397730000000005,2.7589887015115115,-0.883723728235887
43,3.172943,2.270533886843901,-0.9478499641538309
44,4.538551999999999,2.538629188847385,-0.4375734945205213
46,4.592599,2.5107804981157664,0.5162835333921659
49,6.940929,2.817334158237783,0.9329229973650277
50,4.277001,1.8424273104317344,-0.20523617399046165
52,4.4049879999999995,1.7206917949414784,-0.14988478469632308
54,6.196675,2.0469441538544357,1.1586583910218733
55,3.7113099999999997,1.7826876451382974,-0.17541899131805633
56,7.691875,2.223591913798613,1.343130461373213
58,1.7189240000000001,1.1941868310037225,0.25535947107404705
59,6.765428,2.1414779242894944,-1.7464422977903367
62,2.873636,1.4031985113586098,0.34863993933107096
63,1.0710110000000002,1.198025402224001,1.157881239972951
64,3.003341,1.3884096969141035,-1.5805262853929143
65,1.236314,1.1481716241107458,-2.1532878113092564
66,2.406482,1.056755036326086,-0.6401237370056905
67,1.510546,1.131577292529461,1.1735690715005886
70,2.1360080000000004,1.2117563676525085,-0.0851477566408368
71,2.765937,1.4037930208191178,0.35178909443350315
73,2.654372,1.5824809678189315,-0.117982325189536
75,2.512693,1.3216757559555066,1.808006061753432
76,1.977977,1.3135249349835163,-0.9266980038026791
77,2.9424770000000002,1.3896806951623573,-0.0026870666756240676
79,1.288527,2.929352901166524,-1.4782226246061043
80,4.57555,4.727150309212912,-1.294698508082692
82,1.439335,3.818895413106505,-0.007658261591447029
83,1.197158,3.6112479803907136,1.4121348170366046
84,1.213807,5.538559183527505,-1.2288333172384482
85,2.743928,5.0409071190947525,0.07876822812914121
86,1.889189,1.8066906397794391,-0.8248658198775763
88,1.383054,4.176482069820299,-1.2887269824570875
90,2.246577,6.214637829762559,-0.39586924882904667
94,3.892319,5.688542352377831,-0.8338478081309862
95,4.062126,2.185739863506443,0.5187208190635181
96,3.401814,2.107705435439168,0.33057594270392066
97,1.637594,2.037535120818632,0.09343033533973036
100,4.134004,2.009342034324244,-0.5710366525105715
102,1.983264,7.689245372391382,0.38195473075090175
104,20.725631,4.342190904601713,0.0037594074801018482
105,3.687624,2.6439018302795767,-0.12365828360517338
106,7.551088,2.548923736299664,0.5131368485047016
107,3.076588,1.580712162883385,1.6043034974828836
109,6.6076820000000005,1.980212694381688,0.05984942290082366
110,1.7779939999999999,1.7821556619812058,0.7736180023365071
112,2.836562,1.6771373928000437,1.2313787117869162
113,4.111816999999999,2.061769208344884,1.4392538466848679
115,1.179629,1.5229522014344858,-0.6270258396021298
117,2.443606,6.104023999128481,-0.5512876781923691
118,10.940572,8.056585349377636,0.3050810370830704
119,10.066241,10.03395647265573,-1.1577270147518177
120,4.278149,7.2272286092966604,0.4658697656680848
121,3.716242,6.9767893331642,1.015354066040999
123,2.474548,6.298047622734079,-0.5810040472294863
124,4.5520190000000005,2.1133143696234464,-0.22159982890590235
125,2.762208,2.2321545455536067,-0.016939296069835564
129,6.152072,2.71892571569193,3.102758582223415
131,4.491391999999999,2.2943697486763908,0.8634651209810829
134,4.27778,2.2287270071580934,0.36128194768970784
135,3.49496,2.3886275009519524,-2.4105337239542637
136,3.539568,2.3631908335221925,0.971978059331318
137,5.910732,2.722142368006637,-1.5038942718290373
138,3.5512050000000004,2.3955669508982402,0.6010606496320451
139,16.019455999999998,3.438364573226428,1.3586660959372665
140,2.477164,1.4874309256718268,-0.8459142476081384
141,2.541055,1.2700138128094014,-0.46170371404471333
142,4.48286,2.477366432639026,-1.1869175598913198
143,1.5503049999999998,1.8861356400878155,1.4520097205366274
144,8.463528,2.67476696887965,-0.415958242967145
146,1.747916,2.0638573536880025,1.1181349533733211
147,5.961507,2.6583495305794806,-0.2137769948818814
148,5.403432,2.4313365424165183,1.1332100274737689
149,6.570897,2.655742589401687,-0.8881038744658335
151,2.386839,1.2024024773081463,0.13196084973671268
153,1.89058,1.9245537805597597,0.2500551889926933
154,1.5251620000000001,1.2702512434751174,2.484688062005814
155,1.505845,1.5242741761720084,0.5587095277285183
157,4.635797,2.222481937886715,0.6064865569683173
160,6.777824000000001,3.081814728542272,-0.4288128891897077
162,4.593405000000001,2.077528305968668,1.3807469501061682
163,2.8307919999999998,1.9337026659858183,-0.34378091840150915
164,1.915776,1.8807623117790215,-1.0464301669696383
165,2.833332,1.8941841494674976,0.1082444975990796
166,18.510376,3.1331447341470726,-0.41838789394183357
168,3.676946,2.1386259143713438,0.0844072125123028
170,6.824025,2.427850458202051,0.9383720357508036
172,16.037293,3.1358904742275016,0.8397277574442278
173,9.657905,2.5851847350437462,-1.6487482304410654
174,13.199679000000001,3.17497010047764,-0.13323293936342728
175,14.277423,3.1384738570395405,0.7409669462367011
176,2.797778,1.929908603695256,0.3909504833147697
182,1.3546040000000001,7.957706512105345,-0.8433508999051537
183,2.00778,8.353076016054128,-1.4468155238183371
184,2.5923439999999998,9.01039614216391,-0.9625599350092984
185,3.417511,9.606137842655231,0.8189635065235219
187,11.309042,3.8793301252566623,0.6974345878549897
188,1.854669,4.5186791897889815,-0.42234791007930794
191,13.979482999999998,4.4743070938393785,-0.7597558661751426
192,2.202505,4.767154250386873,0.6992105524583623
193,1.390116,4.958632629132712,-0.500655811389869
194,2.057566,6.175901559759398,-0.7212566753995276
197,1.9965060000000001,5.336507036435049,-0.7159063932931373
198,6.184836,4.908434916862351,-0.7843332958353694
200,1.4098629999999999,3.5978392038289044,-0.4024732871790755
201,2.370162,2.992153907701838,-0.4732301073928806
202,3.5322440000000004,4.649959003902704,0.5225447155737205
203,1.4892040000000002,3.628454683866393,-0.8117460280611539
204,1.6763880000000002,10.752926821876882,-0.42225206449892055
205,1.1992049999999999,9.722606622014297,0.19914510280470793
206,3.2366099999999998,12.026538918714213,0.14170454478061073
207,12.497304,5.473351340501443,0.3829375195279926
210,2.43085,7.089286251246661,-0.6119810834368379
211,1.5447110000000002,6.7628613287460615,1.8715805396646283
212,1.3417459999999999,50.856328779229706,1.764421542459421
214,15.24629,3.538604593833562,0.2208755397919275
215,15.490910999999999,3.7966681184406035,0.5492833063915236
216,1.431211,1.0996885317464848,-0.532919838611232
218,2.457321,1.221130138632094,-0.9343842951636133
221,1.074237,1.1055969468508615,-0.5464328097340446
222,2.415748,1.133433327433198,0.6788693163668483
223,3.006615,1.3688985168675112,-0.5584732348896401
225,1.21071,1.9155132506952102,-0.6462712064467271
226,1.4714,0.8816825223515105,-0.7221667806274362
228,2.412799,1.4325259056776425,0.7516135470326593
230,5.985421,1.9533440490104463,-0.8643693234008858
232,12.478792,2.441645610637189,0.07865611192121458
233,1.576525,1.0880041389297344,0.12678281223798213
234,1.804116,0.8499720156495194,-1.5548715642487103
235,3.5069730000000003,1.1224046695468568,-0.8749339127957287
236,1.3469440000000001,1.2943171276806134,0.8662493040949379
238,1.087727,1.1298982638592356,-1.1200642927602515
244,1.123521,8.27376289160342,1.4801848891911589
245,3.8826110000000003,2.071318277458381,-0.9810231389420184
246,2.4637919999999998,1.8490384623974299,-0.8483003877038323
247,6.547772,2.4963463691272794,2.096040307148287
248,3.1310689999999997,1.9121562854737515,0.8330044535309169
249,4.956485,2.2734063548043104,0.8335751031606796
250,4.503483999999999,2.20720391055535,1.090007815135202
252,1.44197,1.9123985354359168,1.6074524112053916
253,2.2198830000000003,1.986927121157288,0.6468232780847415
254,3.922603,2.4386279425797905,-0.04243974489400717
255,6.32434,3.0492797408646397,0.6956686474255005
256,13.225272,3.948755960317017,0.3195057829088542
257,2.8144259999999997,2.162203418184858,-0.15271539246532448
259,2.493036,16.373346901807544,-1.1979155438852407
261,4.276789,2.0059925003993677,-0.6059450863735324
262,8.214847,2.6401115100312937,-0.7580179365113353
263,13.034738,3.759349835981876,1.1592238951080716
264,2.663174,3.3321573117100103,-0.7872208207909149
265,12.354732,4.238649474661044,0.45911392881577107
266,1.0376370000000001,2.625596141252977,0.09047059401002387
267,4.095805,3.638629003249135,-1.2138449819333372
268,1.892395,3.0109010241461327,1.9091930669735406
269,3.6827629999999996,3.5331255185414974,0.09593015538269743
270,1.953423,2.996834232322262,0.555907253696656
271,8.164414,3.8727821421429987,2.251432761766015
274,11.348714,4.248566117171379,0.6446553761552194
279,5.478233,3.953629766433072,-0.46241149229107964
280,12.280379,4.574279659044284,0.27528226363614233
281,13.865956,5.358547247219639,1.1714658327286442
282,4.081377,3.738628419846884,1.0630349131242487
283,14.181462,4.9388972239547,-0.8311156625053329
287,1.132608,2.3446615524943777,1.1904046447277083
288,1.908628,2.673146413799381,0.9461010416526109
289,3.03043,2.5572230583982307,0.2896009893839832
290,4.525218,2.9020118270377626,0.3579817864203795
291,1.9251049999999998,1.8821546919642704,-0.9532528030565596
292,1.316562,2.1749711688663096,-0.8487482199086838
293,1.939898,2.227778518314097,-0.4865614272856234
294,2.69338,2.145035952543494,-0.04382852320897996
295,6.337796,2.248597591961622,0.6983729832191758
297,3.912368,1.910589224878248,0.4807320312925227
298,3.020738,1.982156038228811,-0.17149196321767857
299,3.171729,1.6756616664357633,1.6687937680210119
300,1.171826,1.7609549098783044,0.6847038589774032
301,1.366717,1.2610301264720027,0.6655615094890639
303,2.078144,1.2670199240261155,0.3186321789429485
304,2.596869,1.3821566878799871,0.12303183469184993
305,2.287671,1.669858632593611,2.2394443882058557
307,1.613308,5.478636231192257,-0.7960934859970128
308,3.848735,3.1100572749296846,-0.3362720188199134
309,11.0563,4.8968417336748615,-0.7347337561421116
310,1.358249,2.402806528429032,0.25591531207703117
315,12.938773,4.248805402938187,-0.16583927742387747
319,4.303567,3.2413343832922075,1.317472910758023
321,1.023513,2.1995514116496717,-0.018632096720453246
322,1.822134,7.112531803366897,1.2435163014085486
323,2.4353380000000002,7.02116491032424,0.39550921613367807
324,2.232228,2.1177858537238716,1.3258713038791239
325,4.646941,2.31291073010212,0.32442766791460487
326,1.288155,1.6992056074538928,-0.4040457233410862
327,4.089102,2.436144405253826,-0.07307010930366702
328,7.954399,2.953908277942753,-1.1920768593689672
329,3.580776,2.412124937948483,-0.7680687680599182
330,7.357556,2.9108958274306733,-1.4342128828739689
331,12.318006,4.1744038625997995,-1.3237923442260011
332,6.430231,2.8900813015844014,0.037520812874229426
333,3.88699,2.4415147423861527,0.37150378955448254
335,4.50831,2.5061116639540413,0.07074329243099589
338,7.802961,2.734084785237863,0.1985812277226813
339,2.361202,2.222414389339296,0.7105897410916333
340,2.792396,2.340893508860016,-0.2387293333424003
341,6.721492,2.698675135496813,-0.8447469225755447
342,3.194373,2.34714227051349,0.28526676808390683
343,13.713332999999999,3.619384735309678,-0.8834310630388805
344,3.513311,2.479351921688985,-1.740981965620236
345,13.838104999999999,3.6176263828857316,-1.0609892903444471
346,9.868703,2.994241375862869,-0.10313982876914497
347,3.718289,2.390407701854416,-0.07212247467752124
348,7.407592,3.3516097883613023,-0.054702804200365884
349,3.096727,2.4821550284013143,-0.2117197454139768
350,1.689416,8.164169221963567,-0.7043128927637217
351,2.582204,8.815477661871167,1.2794614282289347
354,5.596503,2.2181887443149506,-0.1306618019176863
356,2.829151,1.9929827198881616,1.018805670996469
357,14.359067999999999,4.093111372175919,1.0329216578326532
358,1.773316,2.2246513703496635,-0.9502390129334944
359,1.8342319999999999,1.7965015412673604,-0.1473071604058474
361,14.695992000000002,3.8993324299363636,-0.07327240372218477
362,7.399932000000001,2.632828271087228,0.22512203372115155
363,3.4224650000000003,1.9055275133925127,0.4737064015867894
364,1.1572200000000001,24.276422492296568,-1.2090850393213655
365,2.052031,18.508134862694146,-0.041202807784114504
370,2.414271,2.4607659070018166,-1.338028314364307
371,6.454162999999999,3.0007762818982147,-1.2955470374300706
373,10.606232,4.073652361178967,-0.5322102956954659
374,1.076534,1.7247291730646768,0.23992898607664812
375,2.07413,1.9508567700487343,-1.6598660759235018
380,2.867713,1.6558812708427981,-0.830720918861742
382,6.875423,2.048924199916169,-0.3303652622143612
383,3.6418459999999997,1.8084263228215856,-1.097783216532299
384,15.12873,2.7820538440223768,0.10363563032727555
386,15.120643,2.8724913756670127,0.8932930189031097
387,2.382952,1.4721330391444878,-1.3822165325664273
389,1.04606,1.7674953280517454,-0.2933767935770713
391,5.46551,2.038628406555005,2.0074717338722166
392,18.815889000000002,3.0114029374143483,-0.002049481646363059
393,4.599891,1.9517340795919256,0.3147922094502377
394,1.806919,1.9821581127344943,1.3966831201158256
395,8.184128,2.8489246475589978,-0.4838540723226677
396,14.93865,3.4296038596762286,-1.2942466769907859
397,4.0145040000000005,2.4064521811743207,-0.5087249438645924
398,7.886396,3.5506180610787417,-1.2065640591155329
399,4.53595,3.188628423204344,0.016859127877518063
401,2.765835,2.815898270393212,0.8745432635700471
402,3.6907980000000005,2.8852750460465115,1.7557736995628088
403,3.468118,2.8945488050051207,-0.1871567238793255
404,2.918118,2.2638485843098217,0.11359398003338958
407,1.9929919999999999,5.9717806201330905,-0.9504683211826042
408,1.283018,4.098457127279681,-0.4114742002040082
409,3.926913,4.866407725242928,0.901801039721092
410,1.154994,3.675182442195848,0.02207326773868166
411,5.370354,4.383974661166305,0.8488945050511241
412,3.596325,4.967137389804068,-0.44115385787884187
413,1.936465,4.531179607931351,-1.5109309946662772
415,2.462405,5.250113025497092,-1.1026420907207533
416,2.051509,5.244610074604153,0.9166381711910708
417,3.072099,5.494082817513249,0.232539048674858
418,4.035245,6.045022695999162,1.148939347567542
419,5.449568,6.138280917397523,-1.6017961736374875
420,5.33873,5.578045111638253,0.05700179327493286
421,7.170971000000001,6.249763960907132,-1.7012838752571537
422,3.410832,5.955095750138848,0.9958455936978625
423,4.474945,6.1123171408181305,0.816701519672523
424,4.758822,6.3199229381229065,0.011895802749982401
425,1.7941310000000001,5.016718254924314,-0.5265776535395993
426,1.600559,5.208301030102058,0.5695506993162814
427,3.186612,5.835700831738699,-0.9745887572867981
428,2.000914,8.448654184047994,-1.1743299358085992
429,3.963761,2.0973661901016336,0.44922216508139773
431,2.115802,2.2033765742556284,-0.5876821736201977
433,2.975535,16.632463853896144,-1.2293404759985882
434,2.3673029999999997,16.481093868793,1.6355245218784216
435,2.129611,16.427528479023515,-0.6634803155217246
437,1.0439559999999999,10.356790523596926,-0.7229095323249571
442,2.447305,1.3303549149020024,0.5672711763593274
444,5.494082,1.7248677889859898,0.9901525905995613
445,6.649471000000001,1.9462207722134799,0.34304494044923134
447,3.907922,1.6597821635791246,0.15545380716259766
448,4.8615330000000005,1.7486282790890333,-0.6032749192595623
451,2.1599880000000002,13.133843774379224,-0.5952551818488079
453,2.0488310000000003,12.485090849176277,-0.6131469018724924
455,1.2911709999999998,10.23420918874172,-1.025275749625412
456,1.8573490000000001,12.114310557950493,0.4491474372208481
457,4.300006,5.038899312943358,0.23459881071856384
458,2.594032,4.46661126710965,-0.582931142998046
459,11.251659,7.20875191590813,0.5043869454147313
462,1.7429150000000002,6.975103652167347,1.6450154098572152
464,2.72438,7.479753548631178,1.214203529950909
466,7.398294,4.8086072843229415,0.1273060489282008
468,13.707282999999999,5.533931922809272,-2.175981736488644
469,3.71224,4.0322011641128555,0.09539531395222464
471,1.242716,4.267156706943633,0.2860462822225713
472,2.097245,6.521694434920728,0.32068554547569345
474,2.055805,7.459151482525067,0.034695127992982765
475,1.817604,7.370681887507849,0.0449087126009902
476,2.803543,7.858884478483106,-2.319826885273004
477,1.705266,7.202449086250301,1.3736222566784564
481,1.456497,4.627103975866716,0.3346195621097804
483,13.675429000000001,6.345389846583401,-0.8851987782614699
484,2.035245,6.534760232284183,0.0525421324188354
486,1.257267,5.255964657245073,0.15214148806846353
488,2.164171,7.847978959063845,0.6716453149007711
492,1.902695,7.712275336811318,0.42123204564383065
494,3.24764,8.2974570350782,-1.1695085552325881
495,1.6863990000000002,7.24206799897828,-1.8780723875329806
496,1.290466,7.235491880971877,-0.09446401800423285
497,7.641752,9.983071620672131,-1.30924685678605
498,9.760330999999999,5.783422150709418,0.5281595618978713
499,8.714229,9.492155476286651,-0.3863896596791543
500,3.803689,2.293057924530399,-0.12203724165885833
505,2.367082,12.267256124239653,-0.09542381794619592
506,3.266553,12.616022840353668,0.13553787498022454
508,3.046383,12.365366719496429,0.6253237850526282
509,1.259938,10.792228537299945,-1.1266283761964868
510,1.898239,11.926045602412493,-0.7586946413856489
511,2.0751180000000002,3.3716691421567755,0.5810854895104
512,4.200571,2.14253646605313,1.0918856365918144
513,1.547296,1.187133764105392,0.2556135762837817
514,1.5076049999999999,3.0556307416195465,1.1076979944328673
515,3.545961,3.4239251057347566,1.2728011049864145
516,2.427966,2.547977221925404,1.063013595835307
517,1.4777069999999999,24.893788723951136,0.26874606129484724
519,1.7784419999999999,1.5609578251674692,-2.5804542988974424
520,2.428844,4.272158070157183,-0.10078846528333577
521,1.196544,27.537696978280568,-2.7216384879548077
522,12.593529,4.316088793439592,0.8353260931461742
526,3.290023,2.023162165211985,0.1045191802009695
528,2.018361,6.674132697272178,0.07204491479459132
529,1.8680990000000002,12.055898039435744,-0.7087856533978187
530,2.819561,1.7927129515315994,1.9132601417045445
531,14.722971,3.8068649005858,0.46369538459620857
533,2.170125,5.427166035893069,1.07527470209318
535,8.519449,2.7125021091748307,0.24618402275599585
536,1.9543490000000001,1.3821537235971868,0.5429538186326792
541,5.856317,3.8096670091253615,-2.128954795026431
542,1.318001,6.3443865558470645,1.7054110266137574
543,1.275863,8.682698562942592,-0.28713209757519936
545,1.087158,1.0529306191147592,0.7214466727131713
547,2.347773,1.4585252955125163,-0.6739684372460428
549,8.129313,2.8249363217873142,-0.14141644020275132
550,1.428501,1.2779134289232477,0.9039278473471267
553,1.506649,1.55051943512463,0.33248751693284406
554,4.731975,2.8304361370715365,-0.04046291911271235
556,1.9296400000000002,1.2255837865694157,-1.8667337881356123
557,2.871251,1.3600592009624295,1.9263566938534638
558,1.9373220000000002,1.1346613201607385,-1.8010680580234666
559,2.000913,1.2094407191852856,0.8189943236022512
561,1.109409,1.1563841797633072,-1.1687572761551404
562,3.043368,1.2031869923241636,1.947693711714001
563,2.097165,1.2058934030248205,-1.0545303403721917
564,3.025714,1.3474500396762052,-0.7324916801856602
565,3.963407,1.5345687993916852,1.2564954179737349
566,2.317026,1.1450691650238514,-0.4245697213089554
569,2.4002790000000003,1.2434852347108096,0.3265652786852252
570,3.375443,1.3723313401422153,1.7768665105545938
574,1.751742,1.2404041373029515,0.6456758938659659
575,3.849954,1.439232536698298,1.284974132886499
578,1.3677139999999999,1.6362712502446686,-0.8643457414732243
579,2.3872,2.2164425689152902,1.4382371592225198
580,3.546331,2.417723121128623,1.117560818939036
581,1.847203,1.970054232597968,-1.285150678403686
582,5.359767,2.127941861969461,0.12978813526096472
583,6.513746,2.3148335072272945,1.764201918990532
585,2.919819,1.7751346086205575,1.788328123176527
586,4.332712,1.9605789021462985,0.8417180126278145
587,1.349359,1.2250621675884688,0.32093857290597383
588,2.6788830000000003,1.6172124308474367,-0.19821524466387935
590,2.7484439999999997,1.338357730161187,1.5227078508546554
591,2.322781,4.3238416503766155,-1.3047354539094116
592,2.3841490000000003,3.6341227048355353,0.4661412935243691
593,3.984124,4.727297382980362,0.1381694711190154
594,8.153518,2.998925028344102,-0.6398959040153285
596,16.502888000000002,4.077273444697376,-1.5487718657106242
600,1.7762930000000001,12.416505835472414,-1.3068746184138325
602,1.690166,3.8268234107169934,-0.9064069688535733
604,2.4182259999999998,2.0516457767202847,1.006645033886433
605,2.2235169999999997,16.720106975931962,0.24890631975996383
608,1.382469,3.6212643050695457,1.2620541291884741
609,2.135416,5.9178339744294854,0.28713850134414703
610,1.23506,15.75748147068703,0.7293480337071226
612,1.543123,46.64571524499382,1.233793069340943
613,3.7229989999999997,8.280731682706202,0.7165095634870334
614,2.169085,7.268856035848841,0.49146565922258983
617,1.164803,6.521971955031384,-1.637182489588157
618,2.8323549999999997,7.956008732435325,-0.9459615119064666
619,3.223745,8.246669021962768,0.32516712253869695
620,3.3954940000000002,13.865994619879286,-0.2638157575690708
621,2.529202,13.247728712464275,2.2526453003764706
622,2.20181,13.042963280107431,-1.2689592982905162
624,2.0594759999999996,12.840931615304587,1.1788700668578203
627,1.8321180000000001,12.288798960976935,-0.16232658537010422
628,3.138716,13.717979650625546,-0.3676670964335857
629,3.7077419999999996,13.943922348321975,0.4389091585213282
631,1.9208180000000001,6.594521797940997,-0.8617401399108249
632,2.510389,6.243504271167718,-0.020338860891808808
634,2.424288,4.0021603042749385,2.238579388858231
637,2.303599,12.504473685660848,0.9780569931950187
638,2.395285,8.165351200001773,0.5589506458240936
640,2.019854,12.877572539258267,0.8138918559395265
642,11.050004,7.529778469619354,0.1566245965547133
644,2.664956,4.759974592560532,0.9283776252125816
645,1.905547,7.507409477046294,2.3122944578448585
646,2.235611,5.035652766526208,1.3224673893824894
647,2.493261,6.290049656986133,-0.21534435476631722
648,1.530537,5.9247236338219915,-1.0854545452962359
650,2.7924450000000003,6.3414632837207945,1.7720244173912179
651,3.479639,6.684057679856799,-1.1653874353592673
652,1.219565,5.879115332275839,-1.0476891127102148
653,2.065194,6.368218460066161,1.6456790988214398
654,6.080922,4.0989254504346935,-0.24904690669889304
655,2.064748,2.849095078954789,-1.098493560230312
656,9.121105,4.36229771153865,-2.0560647381953157
658,7.685942999999999,4.185481885524495,0.5732590191338006
660,14.690843,3.3031927343008367,1.9151876798090797
662,11.48123,4.308520665523727,0.40355203399769124
663,2.2787669999999998,5.676034943766415,1.0022236898661758
664,1.192944,1.572338174284032,-0.4490352278152011
665,14.493079000000002,3.8153564461292206,-0.5244057826906413
666,14.904492999999999,3.8168631926814403,-0.5252419916671669
667,5.4460370000000005,2.617735564566308,0.7279212323140822
668,4.618608999999999,2.4519747992708134,1.531258424141698
669,12.52175,3.89668288728202,-0.9542761810283306
670,1.29105,4.675817635398075,1.1731351434733521
672,1.7952869999999999,3.274456626467527,0.537119856550067
673,10.641437,2.667959994771841,2.1149428203126206
676,8.565717999999999,2.4989247247745907,-1.656685498543803
678,2.285968,5.1598353122796965,-0.014105644398294885
679,2.407223,3.572973250860223,-0.8791260411841872
680,6.249069,4.3870027371726765,0.16890081659368927
683,2.217962,1.6665005980338308,-0.38226735040916093
685,1.9578659999999999,24.717571388897447,0.07655542616822014
686,1.9655650000000002,3.907157905581343,0.17449658544754093
687,3.5739940000000003,3.295793699331077,-0.9329543985529954
688,2.567441,3.1233877089148403,0.41413796773254835
689,3.088861,3.0935273798591902,2.0357508126848978
690,12.550353,4.108659152151101,0.5561328274405521
691,2.027719,2.217154958068523,0.10431387430801249
694,12.481891000000001,4.346854504223468,1.2028902122698897
696,12.396042,4.3627014444854515,-1.3753682766094673
697,1.277791,6.972007421351445,-1.7391805768285387
698,2.751325,8.621727662403448,-0.5779166661680925
700,2.641048,4.251069067897322,0.07031991627589125
701,1.9522959999999998,5.670357967962038,0.2865537998227714
702,2.1277,4.72241107079372,-0.22582353691985557
703,2.342768,4.254422983829242,-0.2512615471609591
704,2.013531,14.474900393548836,-0.7226964660049376
705,2.324064,16.370739558636767,-0.3018652313997391
707,2.4956549999999997,0.93314339077997,-0.7451316959893168
708,4.345233,1.0658252928505674,-1.4336621462192765
709,2.428712,0.7536448388573415,-0.7991913070800288
711,14.97884,2.365230435722306,2.271584661733086
712,6.821998,1.4750267394528584,-0.7897634502982731
713,7.409485000000001,1.4901580750392318,0.04013845804331247
714,3.283472,0.8171371212076987,-0.7120506152537255
715,18.437176,2.2330069292652155,-1.7870668524789513
716,1.720525,14.632137485035427,-0.004816516710469298
718,4.046618,7.7317691894153855,-1.297178988975297
719,3.704856,7.631706130757909,-1.4778825372176716
720,10.561641,8.184800114390264,-0.770457667993391
721,2.3819779999999997,7.253565340882101,-1.596061925796566
722,9.835917,9.251776837537266,-0.060081131020931794
725,1.173951,7.516174230133066,1.908992980235421
727,2.5895639999999998,8.800945649390982,0.3720124972695818
731,2.98909,2.3321546182751556,-2.441686485691967
732,4.448734,3.0386272599910806,0.21092637192676206
733,5.781931,1.86832306694936,-0.3560152999407626
734,1.530628,1.2598897372996032,1.5086334863246351
735,11.90916,3.8552407107040665,1.5985579005223185
736,1.438625,1.9821540890842504,1.0566068493532925
737,3.2260169999999997,2.3209630662903633,2.4488518372690398
738,1.410627,2.2808201043411622,-0.09850258702998656
739,2.14557,4.148327771304938,0.48641049106217543
741,2.099008,4.003862916552708,2.855543735592868
743,1.024282,6.72985986852875,-0.778462812997668
744,2.1449990000000003,7.426200674869435,-0.10800099551083685
745,1.413457,7.048931150777603,0.6557115205110945
747,4.212648000000001,2.2596156409328967,0.6403031179771892
748,4.160166,3.1202831573876724,0.19367312729761652
749,3.8344709999999997,2.088628052950288,0.8194135047827219
753,1.273907,3.650361327085268,0.8404921430853325
754,2.437146,1.0036962259048603,0.19363137619678758
755,1.524406,1.3041572976943727,0.0645075607705156
756,1.360443,1.2923098857121875,1.193813049893921
757,2.142916,0.9385466519725384,-1.0032339654706184
758,2.48888,4.1987938140267484,0.7062187771644464
759,1.502464,4.215141427021538,-0.5546830970032034
760,2.37983,4.0921574795218065,-2.015336415224689
761,4.248705999999999,2.8596180816002916,-0.6684227220756637
762,12.548678,3.9620422623408738,0.9275133180924755
763,1.167943,1.8945302118385985,-1.499490887708069
764,1.348496,1.7821515448229,-1.187128120555321
765,3.154257,1.8371572378683247,-0.9343149769456108
766,2.002398,4.318355881694935,-0.16270356079544504
769,3.3283910000000003,4.666236084804977,-0.10571272069867424
770,1.369715,3.93338454330498,-0.4159732131375836
771,2.293688,1.8204202663294755,0.5791093433037301
772,3.669463,2.7514421746146267,-1.2708505668640795
774,3.015942,7.644997312891897,-0.30760740400858405
775,1.4461950000000001,6.591986373095648,0.6694084096753538
776,10.367026,8.99852532108865,-1.4643521010387797
777,2.219036,4.083510487973668,1.3729382935371985
778,1.391392,3.4616966573009464,1.6134045100851926
779,1.330606,3.736905509823807,-1.55475552752844
781,1.438967,4.7485471130259045,-0.24785821943350758
782,7.225326,5.556834615915159,0.49529066095457586
783,7.466932000000001,5.575752239643017,0.22308508772965932
784,13.674443,6.78586305212434,0.3270936607531441
785,1.863484,4.7871565839026555,-0.15267291554172804
786,5.445723,5.316092702726916,-1.8284717368524674
788,1.195506,3.3717593286010707,0.6360519419893053
791,2.1198799999999998,2.3249175032967635,-1.2830730386928983
793,2.270741,1.8991254102938684,1.9076637662899691
795,5.842604,2.0886277939272344,-0.9581383982670291
796,1.369518,1.8856073669627864,0.25913053654402446
798,8.017127,2.5989238912621038,0.5774624428647535
799,5.419482,2.132013564320621,-1.3105077601256565
801,6.519915,2.2933072523212528,1.1979275247162027
803,6.138068,2.3489254340416497,-0.310271932004048
804,1.873841,1.7287092904601846,0.06160619340074951
805,18.125801,3.1620537242296543,-1.2191661186331122
807,1.92123,1.8826814045379,-0.15198687480817
809,16.347545,3.1713122212885563,0.693351591626543
811,4.806546,2.077875233636664,-0.6728831717866967
812,3.209146,1.932157702100037,-0.846004562037275
813,3.619004,1.9886293845254828,-0.17926171641575583
816,16.076647,3.1614565709798015,-0.21613823480397015
817,16.844262,3.1637001950190964,-0.9253334570648157
818,14.639472,3.1331453588818685,0.7762325473873807
819,2.829931,1.841885219575432,-0.49196878501800434
820,15.186015,3.0921228373537755,0.18143862285172072
821,1.7585439999999999,14.749620815031856,-0.3570393409373372
822,2.443727,1.6221558454760234,-1.65977455270733
825,7.613514,2.3789945811241116,-0.7874032660737753
827,3.8273919999999997,8.540237148411407,2.1485133708694004
830,1.605775,7.347593524640181,0.12910279253055207
831,1.11389,6.579391186590692,-0.24728810697867798
832,1.9926139999999999,7.925087982453187,-0.27579123982667986
833,2.926698,8.437976321583673,-0.634361611644299
834,2.560337,8.371494276031273,-0.7274310129095822
835,1.2388350000000001,8.76626381778558,-1.0207769036106422
837,5.122692,5.342083586543792,0.9384004622808448
839,1.6402299999999999,1.5392660439145525,-0.14072796374423371
840,1.420548,5.311141032567519,0.7266454724315844
841,2.571618,1.9034792734358548,-0.3203896035116474
843,3.6829410000000005,1.8885723949537936,-2.404996467998622
845,6.688514,2.368923925512211,0.1626655939491529
846,12.856958,2.9331446108974717,0.022647576332027877
847,7.573364,2.4189249415339558,1.7622892474486873
848,17.332112,2.9820538107130603,-0.05711304327231692
849,2.641058,1.873751104381794,0.4772088491023733
850,3.7916410000000003,1.9719495675798977,-0.023923561146466737
851,2.407152,-1.6277517043698118,1.0399860087352686
852,1.9567080000000001,17.144897794042915,0.7436298503391713
857,1.450078,5.429865164658529,-1.1553666594991208
858,1.7603,56.92308159713247,-0.4772101657376357
859,1.830224,6.4546819819941295,-0.0983060861866316
860,2.768452,7.13392603114043,-0.9481922945205685
861,2.457706,7.098587876172429,-2.103425726225352
863,0.993173,-4.328615981201821,-1.0830707435626992
864,1.576122,38.3816050547865,-0.9101827961736124
865,0.963628,49.04446088758135,-0.35468999456025607
866,2.1417330000000003,29.57781164305641,1.7028671832873192
868,1.232394,18.212962252535764,0.4219730424113485
869,2.7067189999999997,11.125296690521383,1.145363320133686
871,1.885218,14.851022571542455,-0.6721898499528317
874,2.919784,6.916021971499183,0.5066802670895096
875,3.811129,3.0485169874860114,-0.40741397443412536
876,13.209848000000001,4.382971106511653,-0.025005962568978735
877,1.377003,5.865266800041258,0.6709880159219465
879,11.426418,4.161471362477409,-0.9158472034146068
881,1.846771,3.8789527668105586,-1.329825434894745
882,2.5132790000000003,4.706837395851092,-1.0638295164134213
883,1.9975,3.9753942402320583,-0.21505894110860474
884,2.5672479999999998,5.25616147420352,-0.12699689503211234
886,1.564563,23.03107272997772,1.3050551829242076
887,1.7079419999999998,7.202964908870576,1.150849866491547
888,1.76247,6.743601347201108,-0.2732960822450976
890,2.203615,7.2239195178819635,-2.226517343283886
891,1.6349040000000001,10.916327319540986,-2.323596166523583
893,2.882792,12.583487184227266,1.871455405512351
894,2.3985939999999997,12.583974798088832,-1.1096159341717027
895,1.9621099999999998,5.0915008099630565,1.4871190923477293
896,1.600356,5.9163622446950725,-0.3520834781551641
897,1.581261,6.121528925051589,-1.0081751197805178
898,2.630273,7.356716292231441,0.3618236253765715
899,3.2399080000000002,7.857106183406645,-0.47373741552849274
900,1.4470459999999998,4.491576261249277,-1.1010233803391853
901,1.1265040000000002,30.726464582069635,-0.4294561847020938
902,2.4045490000000003,6.5523175324797736,1.5447852361831995
903,1.917288,4.372153525791889,-1.0076841002404646
904,4.25054,4.857008869008799,-0.977350616066731
906,3.1492970000000002,3.216192101746413,0.11689231033159778
909,1.697284,16.122155376811513,-0.5295958931341719
910,1.6897330000000002,6.133967359071567,1.7169351303962557
911,9.450898,11.118758287951689,-0.682730855522692
912,1.568019,8.133521582407441,-0.7198707403121171
914,4.244848999999999,11.943966795784654,-0.22467164584788699
915,3.735629,11.736337034526365,0.6478196857085308
916,2.3384400000000003,9.546449268733351,-0.6369288377220256
918,3.591872,10.85445139868655,-1.5566657109597646
919,1.531535,8.133950040637245,-0.6563662408622866
921,2.617039,1.7077338972143086,0.4756948836889088
922,1.963468,11.672038999568047,0.4031091204093515
923,2.152368,5.538642482417974,0.5496398292442078
924,1.930991,5.864884542203575,-1.1064746226170386
926,4.399334,4.4363004686845,-0.6527199871550927
927,1.422635,4.547162586578956,0.69720827129883
930,2.339804,3.9071555196444727,0.8868833180882657
931,4.205115,4.094306893299772,-0.614585189716837
932,2.258281,5.753119480793644,0.5796066148981798
933,6.742049000000001,14.697388693730627,-0.5751397773194884
935,2.30094,9.494337100050327,0.8436300566615489
936,1.95375,8.939146065212329,-0.4139965774685277
937,1.64251,8.491030759596914,-2.8605686444877674
938,2.561036,9.83777344396995,0.18465897147615348
939,2.348626,5.307278653462483,-1.3543863253991855
942,3.6956550000000004,5.229659128503061,2.0399762917472497
943,1.271289,4.1086787393481785,0.8252498264987831
945,1.865576,5.382158117309399,2.099684816832023
947,2.324815,6.91500397073931,-1.130572137086942
948,1.8309259999999998,28.10224991784037,1.3635228646495208
950,8.436177,2.488925354599409,0.15251418314006965
951,4.466514,2.1686287426619737,-0.4036834796850116
953,6.84128,2.3590887034369823,-0.012184407179850677
954,15.931382999999999,3.2712774021693867,2.6365076950473325
955,14.905225,3.2990229714623704,-0.5566712917788532
959,17.308435,3.765001258644357,0.5727494775783436
960,15.684475,4.079158379049449,-2.3346647621516374
962,14.744489999999999,5.157290535259702,1.123059896478906
964,13.570394,6.0252999324104755,1.240402798529967
965,16.535242,4.091828479632536,-0.6062959564428818
968,15.282429,4.692206749097908,-1.800042288014258
969,2.8458259999999997,1.6949049799707767,1.1471349071836197
972,17.754843,3.73021350946447,-0.7532016319192576
973,1.141506,1.4340766272745817,0.3692160241814478
974,13.913419000000001,5.254405650333613,-0.13198901438500504
976,11.507585,7.620235083376682,-0.8824844157880929
977,6.396659,2.159719393762182,1.10236389473253
978,2.547763,1.5409672519849082,-0.5559284181757396
979,15.000245999999999,4.954782306121159,-0.27243958414708175
981,14.438247,5.574434845180049,0.3072409591252933
984,4.101261,5.743681634680687,-1.59136642868647
985,5.6915260000000005,3.2184843610115452,0.23256939449850308
986,7.126942999999999,2.3337763603943635,0.23702005650423258
989,15.133835999999999,5.0056746310919005,-1.8387411326106575
990,3.9219180000000002,3.227489780432116,-0.3429720863909666
991,14.620289000000001,6.851028420051729,-1.1466220138712622
992,3.585352,6.247133975160432,-0.30840395116968783
993,11.812141,7.583166253032548,-0.01469323154416466
995,1.274777,5.686536116334809,0.11723620151016993
996,2.7093700000000003,5.966821562219206,1.0365272421970484
997,10.595431,7.32327932805897,0.49647172688063435
999,2.008856,1.8271981345770845,-0.0005557549096791665
1000,7.456962,2.769648742348372,0.5334336324500774
1001,16.945582,3.646549742545637,-0.5257668454282729
1005,2.77687,1.608161297421466,-0.1877690987367594
1006,5.85926,1.9676882786131096,-0.539806223044195
1007,8.190858,2.1858232659804,-1.3729065428794627
1008,1.856613,1.6914902419514115,0.0008142674306660932
1009,6.143517,2.258225476477813,1.080867978069191
1012,6.571005,2.1786793262558763,-0.2721173517703972
1016,1.609024,1.5513513537107433,0.707735028816419
1017,17.562535,3.730180209061965,-0.384659275851431
1018,5.797097,2.2890877474150284,-1.5304594181705706
1019,9.403757,2.6163877568512794,-1.403837545664584
1020,2.2561970000000002,2.183400435261765,0.27884124327959225
1021,4.196937999999999,2.608249462972169,0.30685831648336304
1022,8.100583,2.873524303687098,-1.3349534662148086
1023,2.5483740000000004,1.8394769370148376,-1.0447671601976185
1025,16.434854,3.8590558320305,1.311189215440101
1027,3.861044,2.145402354635716,1.0696035987013641
1030,2.1656459999999997,6.815485670964103,-1.4733952306341211
1031,1.949236,1.7060408996608,0.45305073477509955
1033,3.373746,2.047095693053488,1.2803453899122768
1034,4.398656,6.377508396052357,0.6844395907211379
1035,2.2684279999999997,6.276978830235473,-0.9963033511754796
1036,5.639695,2.0400751638830856,-1.3566864884590497
1037,3.9944260000000003,1.8839261241004268,-0.23896572948979344
1041,6.353055,3.977698309103216,-0.2559465354941175
1042,2.240568,2.4129990171533957,-0.6964762473813261
1044,13.691870000000002,5.639410684757836,-1.1063144871347255
1045,6.764993,4.097118175751589,-0.9511820220510195
1046,7.822547999999999,3.7430218456742077,-1.4694546880130712
1048,7.489477000000001,4.136687521429568,-1.4193855030135787
1049,2.37986,2.8985284939024774,0.5922013587893171
1051,12.734943,6.449007951272305,0.11021031752078397
1053,5.690702,3.4714414818405355,-1.2937315280952981
1054,8.020035,3.1530641389518665,0.9557776713291879
1058,1.84902,2.0631994314856037,0.9463516423600614
1059,3.9794519999999998,5.001723198559388,0.8867347504790156
1060,3.8152269999999997,7.338202905553105,-0.011000659367340227
1062,2.190944,8.769304287086863,-0.7728944689063487
1063,1.142179,6.050374877051115,-0.062659359930398
1064,11.474453,7.758303828446544,-1.009703355031696
1066,6.1424080000000005,1.4995135181232868,0.01602755197181089
1067,2.166754,5.5122516718371735,-0.7667721147220796
1068,3.8342089999999995,5.622830660550552,-0.7409020515682817
1070,6.600078,1.9296716291223943,-0.24056636561176378
1071,7.1445940000000006,2.169778093781658,1.1969344705002882
1074,7.4980839999999995,2.46320313099029,0.03059637441899931
1075,2.543876,1.879743467472038,0.36771360546257326
1076,1.692695,1.9216363954715252,-0.21196736572119168
1077,15.644816,4.486338232497968,0.10126160868149217
1078,8.378476,2.754394185106405,0.8907656126955669
1080,3.873107,2.047570813227707,2.507168790825701
1081,1.732466,1.7864010503073624,-1.7904731159711011
1082,3.1828119999999998,1.8962337849056572,0.27783154569150037
1083,6.669914,2.579066529617279,-0.8987595717097078
1084,5.10246,2.1403814665713847,0.17700167642688255
1086,1.374431,4.2831909515217985,-0.09763884828184718
1088,4.100899,2.2200288948401816,0.755691764924012
1089,6.689547999999999,2.572395193253163,0.350927509048163
1090,6.55055,2.698870911890593,0.7946186488743808
1091,1.652655,40.511614178747344,0.12884996925667633
1093,3.6007580000000003,4.325578109539666,-0.3223808391636996
1095,2.925063,3.7876907911892745,-1.1782503549261547
1096,2.281096,16.20658976910457,-0.35109909530750577
1097,2.166338,39.77997662302096,0.608846612363342
1102,1.8042369999999999,37.9376514729495,0.5989854815302089
1103,2.177389,21.200976686786927,-1.0784416277991153
1104,3.66128,10.059588469687416,-0.4361007252228963
1105,2.344957,11.230195630700603,-1.8419143696041766
1106,1.7258490000000002,11.540524031054124,-0.24430592252675737
1107,1.422102,4.034414589916829,0.7300615634074291
1109,6.406786,5.122121969189557,1.1491856496256327
1110,12.604075,5.9848461513691475,0.11748585686057694
1111,6.201762,6.437461482566255,2.1987864025319803
1112,4.756871,13.765630830543547,0.09967683459842758
1113,3.544293,14.234822446965847,1.0795026637558731
1115,3.5179949999999995,18.41894571768797,0.4877379058777148
1116,4.690035,15.714065424461293,0.10931508669650425
1117,4.0359169999999995,17.575176619708714,1.248201236064113
1118,5.745414,5.0570902095876775,0.2992531036984249
1120,8.036278,3.9497665603933134,0.05083932250519917
1121,7.559314,4.054991371527227,-1.4694349187058928
1123,15.363010000000001,4.769161850629407,-0.17479573065496007
1124,14.782112,4.988989570125871,-2.211639079211003
1127,13.887479999999998,5.070415205014367,0.18093300217117605
1129,6.399608,4.118961754961873,-0.32156922675588656
1130,13.494082999999998,5.460221389429259,-1.3344301265863028
1131,13.355747000000001,5.383091393893633,-1.5166593132811967
1132,9.912561,5.571583839270432,-1.4960300567621925
1134,3.957736,7.1614373935160325,0.18197426672241201
1135,4.109054,6.624102931022768,-1.128250222403391
1137,3.810361,11.247325485698259,0.2892381268387756
1138,3.795578,8.15183662638909,-0.6108706804765311
1139,1.377961,36.00913753075489,1.516074262321946
1141,2.746895,19.702022106897022,0.2991188958229412
1142,1.075302,28.901495141561536,-1.9101724801865883
1143,3.0724419999999997,19.52735705334953,-0.2661336949758767
1144,1.4353420000000001,22.58534980972093,-0.3244311051161192
1146,13.551074,5.212923060865268,1.0423850543308149
1148,3.342175,5.876874663050383,0.6041731057894034
1149,2.777086,3.829939780675885,1.3548321566641452
1151,8.613934,3.7938332331558837,0.131475658931499
1152,8.161835,3.8621056093064463,0.35356904331345107
1153,7.651124,4.083635876324491,0.9972611135618519
1154,1.891786,3.257930121980241,0.1690227667878173
1156,15.323067000000002,5.05759619270015,0.6052132017655498
1158,14.831972,5.079192131555517,-1.3131854362938598
1159,12.512077,5.346903872211931,0.7229808455390139
1161,13.160243,5.491888353759881,-0.5530159508071427
1163,12.30561,5.506057571598975,0.2269490756457336
1164,3.539596,4.1382771438807335,1.3791313552552877
1166,2.5415490000000003,2.574279420411988,-1.545742174074398
1167,6.626341,3.221997091926518,-2.2227655839130973
1168,17.83584,3.5064437171616696,-0.008498755535998926
1169,1.8938380000000001,2.313237786579934,0.6935543825961686
1170,2.7869900000000003,2.4880086497195397,0.20524525843666716
1171,7.934221000000001,3.2670731125906447,0.5025016870253974
1172,1.60063,2.3189663028178082,0.17733226334170304
1175,4.213818,2.8769515750526957,0.4812422582458663
1176,4.926488,2.9711797759832503,-2.0690525476423294
1177,15.225184,4.191913464684381,-0.3309801051531241
1180,5.724566,3.1718008126353103,0.2762725840966074
1184,13.1746,4.206313675429249,-0.9833267103420434
1185,14.659257,4.277583308187524,-0.8645633425824671
1187,3.155395,2.6447487231547813,0.6292551563993324
1189,15.271545000000001,4.223129779160611,-0.29187001580311916
1191,13.05359,4.329958844604931,-1.0966344776316317
1192,10.742837,4.252223332100591,-2.014016777155505
1193,10.686159,4.343898820945998,-0.17415880295167496
1194,9.723792,4.3790881114582,-0.24869188953221777
1196,2.394927,2.445031324479186,1.264586164000974
1197,1.825134,2.5165570196713833,2.3070891954214496
1198,3.9090480000000003,2.9539761568969443,2.65294692217097
1199,5.970643,3.2430220378879087,-0.9393762289579
1200,4.460533,3.1864326933436584,-0.2099308038155502
1201,3.93307,2.9672996580031965,0.33723294120109465
1202,6.583286,3.3251024336659456,-0.7153102802126018
1203,7.234675999999999,3.4368210619923936,-0.21996557340007378
1204,5.160533,3.1629248689412197,0.5373384491486237
1206,2.03685,30.24566640255271,0.3015344747105514
1207,2.115555,24.328921861238126,0.9933774434550466
1209,5.8158650000000005,7.747075866940056,1.56110506435088
1211,1.6393080000000002,5.618587580269674,0.5033283540732405
1212,2.229517,17.983533537018246,2.1719023747396795
1213,7.728161,5.831520114288023,-1.9806157675261027
1216,3.79601,5.973629755027359,0.6310735490090308
1217,1.603209,5.1689189900307735,1.9418345909228938
1218,7.169175,6.098924079073536,0.4648225937203648
1220,7.067494,4.7946525336600585,0.7148731512820663
1221,5.344055,5.456594841711402,1.5728498363886794
1224,2.281437,6.801197030665767,-0.10064568832161112
1225,3.836674,7.289993116393603,-0.6635471015960066
1227,3.57499,4.312577686007985,0.8263514733776717
1228,1.614466,4.781663644736604,0.1898366209445496
1229,5.629033,5.171492647208769,1.8670630306104625
1230,2.306286,4.570248994672839,0.9378361690259573
1231,4.381933999999999,4.707983212240888,0.532965317945546
1232,4.448176999999999,4.25712201761107,-0.705549068328885
1233,2.618297,3.9058252969317637,1.4089687898231908
1234,3.530237,4.360826094838217,0.8514315046942865
1237,3.5547400000000002,4.483576497403369,0.24791661939536502
1239,5.158091000000001,8.167032594832234,-1.0077515685168918
1241,8.062045,4.1829215050362825,0.1538425450589715
1242,1.166299,2.8042392367451803,-0.34195645291758947
1245,6.545339,4.045080005853325,1.6470398349460464
1247,2.207005,3.4233521985829847,0.6139628234858544
1248,2.8320950000000003,41.598739983149706,0.8602415568980003
1249,6.105825,7.531394237157754,-0.0762614661734379
1253,3.6017870000000003,8.244757386575934,-0.27371237850923097
1254,2.902991,8.189775516080326,-0.352314599244802
1257,4.933841,8.211585822524277,-0.2106366841221587
1258,6.037236,5.085286863829492,-0.15415315685080716
1259,5.601084999999999,7.852458671919131,-0.2589839016701134
1260,5.229818,7.954581183259102,-0.27446937521868864
1261,1.022848,21.550400314784323,-1.1937219473916092
1262,2.222395,3.6135728995214222,-0.31952131919714793
1263,6.37717,4.788926001068444,1.1227011723272093
1264,5.123199,4.713575034477833,1.0230692740143572
1265,2.426726,21.84177732461521,2.092346052247338
1267,3.309557,4.571608779490453,-0.2183832990180229
1269,1.174132,4.180906439776532,-1.311826439874536
1270,8.173809,3.868924811244737,1.462246805549177
1271,3.5927050000000005,3.307304031305357,0.2060990790722375
1272,6.4395430000000005,3.820221618712774,0.4250203660588369
1275,1.7619349999999998,10.697845842896973,0.2712454905622818
1276,4.072718,10.402564600456406,-0.8872468677425294
1277,3.3472489999999997,10.769457120374987,-0.9201636549990613
1278,1.32279,8.678684335875644,0.6925453791655471
1279,3.308408,7.522836278540812,0.36448545356809314
1281,2.273332,15.237698242447696,-1.2820149762728836
1282,1.9058979999999999,8.852838710253947,-1.1134057963432593
1283,2.9526790000000003,8.914520940405732,-0.18611194002382872
1284,2.224441,9.680536242574481,0.34927144057963605
1285,3.587678,3.9495035671869885,-0.5545470387904816
1286,6.527361,4.432816520851829,0.23942402676728203
1288,2.254573,3.7220918621568035,-1.0839535007002719
1289,4.020679,4.101211350215748,-0.5238520812231314
1291,1.590833,11.090322547326656,-0.4954813041764479
1292,5.946947,5.0268345888142525,0.6039115923446746
1293,6.868339999999999,5.231786307991698,-1.597550048529003
1294,3.5212239999999997,4.699172655562034,0.16130104964676886
1295,1.651086,3.798457353179161,1.1105935005083236
1298,7.864650999999999,4.621285372053905,-0.4405411886152055
1299,3.7263559999999996,4.3598297419845045,-0.09786530669318623
1300,2.512793,3.652468403733833,0.16664833288750236
1301,3.9790339999999995,4.715117824647754,-0.5527926953692746
1302,3.705454,4.650820078695743,-0.49159883869976734
1303,6.335816,5.1901782730726795,-1.959265944426292
1304,7.568661,5.384974502992481,2.3760583885847333
1305,7.8744130000000006,5.483632737467449,0.8782130916947158
1306,7.1704039999999996,5.453110606549387,1.2928594428459121
1308,6.502166000000001,5.373039316153787,0.2177460365029849
1310,2.095946,12.119068173442821,0.05173826614155157
1311,3.2216080000000002,10.525321015071984,-1.3553551351841848
1313,4.241735,3.1145758344340355,-1.969747802940898
1315,1.670412,3.132120636895869,-0.7188208963062831
1316,12.008004,4.94814983431283,-0.8426356324798345
1319,6.049576,5.0335730268585595,-0.43151704255677054
1321,3.107075,4.820193593438036,-0.7081309625775194
1322,2.7004189999999997,14.490075281202277,0.3649540298171798
1323,1.573682,18.03661832158932,-0.9359130096431307
1324,2.134706,16.087211951897874,-1.1486436826729536
1326,3.122347,3.4370873899940984,-0.29264856683405266
1327,3.374457,3.550146895776509,-0.7338671319237312
1329,1.634541,3.0193122521060385,-0.9649774708442193
1330,14.358785999999998,5.281022943606472,0.9453782911862095
1331,3.752553,10.712724141340678,-1.9166003151477276
1332,4.004174,10.609792580538489,-1.4222056775032077
1334,5.8518930000000005,8.800748069337097,-0.1376832549354089
1335,3.5596330000000003,8.693643864951053,-0.7762546434295182
1336,2.811068,36.201330733163424,-0.8031905910545458
1337,1.507465,59.30809541240838,1.741590556836672
1338,1.974582,46.22043963960662,0.7543905983626005
1339,0.742618,68.97520407259867,1.1542896291914941
1340,1.992572,49.15917713939768,0.46357905042253394
1341,3.3950480000000005,30.414981050483238,0.6378229651242362
1343,5.5044010000000005,2.8679461001711632,-0.5077806275000312
1345,2.043837,1.2606680733074158,-0.7538140359072756
1349,1.669627,1.2182406315076295,-0.4255317795504671
1350,3.9071919999999998,1.438629776100853,0.04714433369729318
1351,6.397835,1.841523922861628,0.7108041583271789
1352,5.546583,1.5767034098589203,0.7915894139525395
1355,5.666885,1.5531350507396255,0.6669710218659709
1356,3.3087730000000004,1.2816839184227022,0.6660017268954632
1357,2.4003900000000002,1.2238617012252198,1.0118261928525358
1359,1.3195620000000001,1.1647764753266543,0.2806342747268515
1362,1.053621,1.2504712017850002,-1.412350006248173
1363,2.098925,1.2543276750295265,1.6047818634403213
1364,2.9854689999999997,1.3701756394028872,1.382960939202997
1365,2.120636,1.2065392485114328,-1.017441179039162
1366,2.435004,1.3062941629195606,-0.67491192098884
1367,1.690223,1.312292675212053,-1.0365404381777388
1368,2.808941,1.339238950868559,0.6056409403083264
1369,2.5939490000000003,1.3671556567035423,0.5192602618341223
1371,3.41891,2.655923164739668,-1.0719721762962675
1373,4.663591,1.8286280677142024,-0.20871829149515653
1374,6.42635,2.0489248636361173,-1.267992153416957
1375,3.016421,1.5519042828173129,-1.0205990734327082
1376,2.283417,1.306536360341873,-0.6529139771817768
1377,1.145451,1.2345461403397515,0.8733899422774862
1379,6.285842,4.266698843511799,1.1615320550868693
1380,2.2037619999999998,3.3381541192852495,1.8341653600995913
1382,2.6256630000000003,3.5745491502676474,-0.369596730266598
1384,2.374632,3.4983208932650838,0.7229809728409853
1385,5.715266000000001,4.290663587926451,0.37435850719657227
1389,1.222194,1.438917430056361,1.0538104792778011
1390,2.422097,1.33488523373997,-0.6244272797791796
1391,4.56085,1.451240956912324,-1.785868569826092
1392,4.190742,1.448458150611096,-0.5504896765395463
1393,2.754835,1.2484000879513613,1.4867750219089593
1394,1.7609029999999999,1.0847093816420514,-1.210635209244171
1395,5.936096,1.5537741692972618,-0.48671064685902055
1397,3.449622,1.4660078032105313,-0.5181946302828627
1399,4.913178,1.4995650170598367,0.004782368517983103
1401,2.2724849999999996,1.0733638537859718,2.272477058346416
1402,5.201246,1.575234856853059,-0.39871937570717425
1403,1.45574,1.0684234348487738,1.892801270690934
1405,2.3593990000000002,1.2289852842076117,0.3886876447087485
1406,2.4335310000000003,1.2853936443933975,-0.20389789157364996
1407,1.7731310000000002,1.219114970580205,0.4852393974471138
1409,11.751,7.225726728185418,-0.9188797685956415
1410,1.424532,1.3821155218458752,-2.4110701580062672
1412,1.6709310000000002,1.6840128516615511,-0.050216706934664936
1413,4.037814,2.7881074003146478,-1.9880668765214073
1415,3.222532,1.7246228771604561,0.9930547471582025
1416,3.139024,1.5397216822853887,1.2362439863755663
1417,2.351325,1.602062769011647,0.10324035554737976
1418,2.3030169999999996,1.3986252925849807,-1.1819545642714655
1419,2.782427,1.4591756880712659,0.33252621465905463
1422,2.17216,1.6174754984076092,-2.001185472062228
1424,5.354649,3.578534113240775,0.7952251857679565
1425,2.8309130000000002,2.2071566577863453,-1.0450953608829692
1426,2.761107,1.6521592041297175,-0.5476454738243761
1427,1.429848,1.12117380981166,1.3886011287999809
1428,7.180915,3.3483340432615907,0.5324699938460521
1429,16.486838,4.146025317691792,-0.2986787295618629
1431,2.042059,1.6423013427511703,1.7429004630245803
1433,7.843485,12.314149216408412,1.4557094066851126
1434,3.8927959999999997,1.5287577559171268,0.33469912802425184
1436,1.426503,1.2010288668723401,-0.9316657901942648
1438,5.743757,1.6483143129457978,-0.3363275434653292
1439,2.1267419999999997,1.2509451555365674,-0.8328290727744128
1442,4.745732,1.5917632701822813,-0.4092350225778763
1443,6.415521,2.001791798050073,-1.9243207395656143
1446,1.1845809999999999,0.9352744854028552,0.7644481570166504
1448,4.416101,1.046912598068034,1.0201169039765638
1449,4.472033000000001,1.838628404314652,0.5417896566279349
1451,2.819597,1.4777996904687458,0.2627247228269076
1452,17.329068,3.186454153094453,-0.11125421041237227
1456,4.119342,2.4386282718744545,-0.30960120590403656
1457,7.595210000000001,3.2039112430578207,0.2957298624041961
1458,1.909305,1.9821575301646688,0.08732917567112582
1459,3.664103,2.9499252056331526,0.20357987963392776
1462,2.1141970000000003,1.3821222197533514,0.2730124030352688
1463,3.024897,1.556577333338888,0.4690965210542279
1464,5.963302,1.7806928942885962,-0.11234778270777979
1465,5.496694000000001,1.6327725982203307,-1.5095313582319092
1467,1.443749,1.1380505851867269,1.2697232066810529
1468,3.876902,1.7386279062755348,2.0745716462468176
1469,4.956624,1.7873130665037067,1.809930253759904
1470,6.147966,2.1396670592156903,0.19014157257456457
1472,3.435397,1.623092074119982,0.31049220056971705
1473,2.848158,1.5321580476593188,0.8872024030304786
1474,3.107725,1.4540599668235703,-1.5240410629767827
1475,4.365766000000001,2.7565206074919493,0.8839517725311
1476,3.903971,2.638627649367703,1.6579984043516336
1478,2.579788,2.3821531991809333,0.19844538496139583
1479,3.006886,2.392156755135232,1.034222302932907
1481,6.1062199999999995,1.3366827096031333,0.032648017073120074
1482,3.926661,1.138626332658927,0.8756796757601782
1483,7.3398710000000005,1.3640821524452702,0.41113650389231704
1484,3.15204,0.8208668118096545,-0.40304269480738336
1485,18.731196,1.9932748696483529,0.7608278704023047
1486,16.396143,2.007955459896364,-0.4013686709754889
1487,4.852511,1.1082678302449391,0.2985924767301903
1488,3.692086,2.308618799538688,-0.10890449527540158
1489,1.90493,1.9260103069714771,0.7955552616739527
1491,3.055263,1.8471542986896083,0.49772355587274164
1492,4.061256,2.4152779703237206,-0.9908536565974817
1494,2.7947349999999997,1.437155238641178,1.6007456721857622
1496,5.8695,1.851020578358103,0.4500315508421852
1498,6.3829769999999995,3.325850516404183,-0.49158675089293136
1500,3.284665,1.6587450083493769,0.4854084631544039
1501,5.194846,3.8026401354850656,-1.53378575327584
1503,7.510264,3.3970212172784957,0.775951674942929
1505,15.571713,4.180930525295258,0.3802158658391204
1506,3.467382,1.8386288861053253,-0.8279824573797362
1507,2.1394729999999997,1.3526257993635005,-0.35486778201787644
1508,2.885899,1.453156177923823,-0.2771905434047808
1511,16.645276000000003,4.207584841782927,1.699844794238114
1512,3.6298269999999997,3.006179108297823,1.2625648042960735
1513,15.470583999999999,4.352044289478792,-2.0302513750799127
1516,2.675459,1.4578979538982222,-1.4332359408973803
1517,3.901392,1.6576711762182776,1.0894598046129242
1518,1.3490090000000001,35.6108024116154,1.53475205843185
1519,2.362133,26.326754571815986,0.470174260927526
1520,1.7510919999999999,31.579149059048763,1.3810722029959137
1522,3.6900129999999995,18.647681627183797,1.7876811004257382
1529,5.586521,16.355960242600258,0.9720288548451445
1530,5.160419,17.158001626904245,0.5225833457492192
1531,3.11469,18.82493475011106,0.3622490698892164
1532,2.9380479999999998,10.689481147752158,-1.0368831231974376
1534,2.272424,9.886506247447928,1.0051487713856815
1536,3.130668,10.022682898081307,0.011744620317896992
1540,4.34823,5.335484350838954,0.7650725679562159
1541,5.043908,5.598401554448708,1.8397247471977922
1542,7.137166000000001,6.124352553251809,-0.46101929576362777
1543,5.7269440000000005,5.9473333327151705,2.4097996276264375
1544,2.97398,3.832157726154631,1.9850764771782583
1545,4.546666,3.938628447542064,0.30284805737701137
1548,3.1625240000000003,8.417375448058324,0.5802369853212836
1549,3.8794839999999997,5.652852400057935,0.819315705845122
1550,5.95276,5.835536352115833,-1.0458017724124307
1551,7.277586,5.740009248462355,-1.0655264285306845
1552,1.758145,16.346587084469572,0.8686223418853192
1553,2.569244,8.199057156645615,0.669516276511703
1554,5.192017,2.6373017069670626,0.41963205805373593
1555,1.7938310000000002,1.9545026283134983,0.6126987735612464
1556,4.266234,1.9283276213476903,0.5843915912803463
1558,5.677433000000001,4.950643317857426,0.8382996723567712
1559,2.0198099999999997,2.021566292563453,-0.3281613670474176
1560,5.755401,3.2885129966299305,0.9227483343279147
1561,4.107855000000001,2.1645962065575035,1.151065701068178
1563,4.458266,2.265523967884686,0.5941175521339885
1565,15.130845,3.8075900288348823,-1.0258145498474007
1567,1.855464,2.1274768079249298,0.6316442676819869
1571,4.602914,1.9023921614849224,-2.5413824125462243
1572,5.450791000000001,1.922090219026631,-0.32342943687945136
1573,16.633944,2.9882841596546967,1.0926658048382565
1574,16.030596,3.068759381144216,-0.27504249362261335
1578,1.7837990000000001,8.155261594072918,1.845551430115618
1579,4.389771,2.065566274512168,-0.11628882486253976
1582,7.022811,3.2392229781809503,0.5012383469564627
1583,3.3673319999999998,3.593197770205516,-0.7714615660113427
1584,13.429185999999998,5.825546025068058,-0.21681178471073015
1585,7.747871000000001,4.520642516589424,0.6926908378836082
1586,14.915957,5.151894214779186,-0.4197160115212152
1587,14.596892,5.1994898033854655,1.0081514927406972
1588,1.429674,2.470991283558381,0.7159987520222311
1589,2.690027,2.7299841628792274,3.7431254677863266
1591,3.080337,2.7456166385316556,-1.5400292584371273
1594,2.484987,3.79296076386374,0.612795229688695
1595,13.121711999999999,6.247946897365434,-1.1753442914113132
1596,11.735014999999999,7.717850960712871,-0.5875781350901785
1600,14.579816000000001,5.35560123325095,-0.3188923398423143
1601,2.751604,3.3429914467576154,1.4811896449753392
1602,3.8670430000000002,2.7549755639313234,-0.004012971972957798
1603,13.876957999999998,5.9381393591340075,0.0008133534104260996
1604,4.004471,3.536589020610307,-1.894259937203898
1605,2.778664,3.3589362491450667,1.8591902202776538
1606,4.009535,3.7536293571766257,-0.666686496835104
1607,2.6679459999999997,3.5238279290561785,-0.5332099119451797
1608,3.994653,2.168155692998969,-1.154316975427093
1610,6.863892999999999,2.089074536457234,-0.13057806154058793
1611,14.784602,2.6892070665805012,0.44798542594046575
1612,15.192201,2.69740561864592,-0.7092730408172616
1614,3.412758,1.9105613019950467,-1.954609340028346
1615,5.1144870000000004,2.113898530197182,-0.5090115889967418
1617,8.681917,2.6978953885945205,1.0341468645425216
1619,3.043283,1.8729472029879897,-1.4590875619579444
1620,7.840917,2.6030304119935237,1.646900609768911
1622,7.0746720000000005,2.471301267398563,0.3096997434608307
1623,3.6397589999999997,3.4453453627373487,-0.5607165727887222
1624,11.728467,8.111327022392015,-1.1449763840357636
1626,10.525177000000001,8.254754879069006,0.2899827543466055
1628,2.718512,5.752089658827377,0.6795899049305489
1629,3.120191,3.127312851052838,-0.72497395121018
1630,2.412788,2.580856561432744,0.6382208725899602
1631,3.846129,6.31623853052308,2.619146684063255
1632,1.89874,5.346748975223714,1.7991256227825732
1634,8.334153,9.386908940955808,-1.5212347451718153
1635,3.2600290000000003,9.526666469422617,-1.8303229467173672
1636,4.191826,9.629124770451607,-0.8555298988730504
1638,2.2736330000000002,8.708609335023947,-1.028769577698808
1639,2.269343,2.6821574760053832,0.1710017524822361
1640,1.3258530000000002,2.2496371855351702,-0.45473391547312775
1642,2.572584,2.7851668442683057,-1.96185017433482
1643,4.07149,3.02862860415098,0.7441565884719056
1644,6.422187,3.321206063310045,0.1793202817671569
1646,1.94934,2.596587613164152,-0.19819604475546768
1647,8.007464,3.4789257219132628,0.8511774728890315
1648,2.802552,2.4967405944346477,1.5054975822980792
1651,4.775164,1.639041760733547,-0.4563702798959293
1652,2.256972,1.804460419102712,0.5461286287220353
1653,4.165430000000001,1.375971469014786,0.5695984718553059
1654,6.935981,1.3751588312154115,-0.2177104614873393
1656,1.8858720000000002,1.8321538063631515,0.5539094939261968
1658,18.457824,3.115791411976596,1.0391419710176852
1659,7.184709,2.6915609912854124,-0.2727727796741457
1660,2.1754849999999997,1.7795341997839382,0.22163998002580895
1663,2.176009,16.059024181328095,-1.2485858031796973
1664,4.435887999999999,5.509031440396782,-1.3247459213395267
1665,2.443627,5.8453466813462365,0.4870992394915813
1666,11.472980999999999,7.987861209860608,-0.8253409146175923
1669,8.394297,2.0489249868039665,-1.9995135468568104
1670,5.919037,1.9065356042823012,1.1316851988406542
1671,8.290372999999999,2.104740047723001,0.15665246031741886
1672,4.706041,1.7950640744330324,-0.18338419657651556
1673,7.133328999999999,2.1442249763139505,0.8820909144293623
1674,1.2982770000000001,1.3327762180998195,0.47992252708107164
1677,5.033703,1.6286293568987409,2.200018241812165
1679,6.627855,1.871853448831417,-1.0203468161204907
1681,15.984809,2.2320543825976724,-0.5671686406759734
1683,13.280161999999999,2.2168733366645226,-1.3932626313900678
1684,6.199992,2.5275301412236284,0.7775705096113764
1688,4.375645,4.012348806929425,0.18871893896871844
1691,3.570384,2.3337527536595126,-0.2556110927788652
1692,6.998489999999999,3.0847240160847513,-0.40450757043952007
1693,3.139805,2.2327512772160376,-0.5796207832888192
1695,3.4081080000000004,2.158365219402604,-0.6254325882967041
1696,3.8888550000000004,2.1747100621977045,-0.6071179704581845
1700,2.991704,2.102702252391494,1.7854581247476038
1701,14.576564000000001,3.432053993189858,1.3531231753751642
1703,8.250175,3.2194128976750696,0.7720744994675147
1705,12.902121000000001,3.960692199517003,-0.8304299714441996
1711,1.365262,2.17471786244752,-0.8777343374586722
1712,14.149374,5.77772702408271,-0.46268223658502566
1715,2.558495,2.1932047935206933,0.7866294392399896
1716,6.871814,4.254893181521449,-0.46520372349965156
1717,13.868697000000001,4.037204111449362,-0.5264988635733565
1718,13.868697000000001,4.037204111449362,1.0762883906799263
1719,14.834679000000001,4.421372613154249,1.695392089109572
1720,2.245561,2.2076208771026127,1.193909299108925
1721,2.245231,2.23407646337511,0.8659117524717307
1722,4.549482,2.6643682941384084,-0.19629793623296354
1723,1.351426,1.8577546530772144,0.04493997351740176
1724,3.566157,2.390776448086232,0.4284000477973443
1725,5.770275,2.488309733009336,-0.6438160464572406
1727,4.999130999999999,5.86548568709912,0.26297885948328253
1728,3.988225,3.459547267307629,-0.5386102691788847
1729,1.93713,10.748625582493961,-0.0327991455441182
