,Yield;to;Worst,buysell,SnP,split
0,4.349217522269502,1,40,-1.2643553556996474
2,23.851687455619963,1,20,0.4569819347114298
3,3.9985296150148284,0,30,1.5289355445950024
4,6.471027820467718,1,12,1.1046048447290846
5,9.64461902269383,0,30,-0.7535345062931748
8,9.991541044711543,0,30,0.35089976074643164
10,10.278193297297477,0,30,-0.2461536700847916
11,0.9321632880692812,1,30,0.6905050171181606
12,1.107350981268187,1,30,-0.49615237586232186
13,1.4028590164602583,1,30,1.4182092833054745
15,1.2239422189465718,1,30,0.9973671212269332
16,1.1630438967903771,1,30,-0.10965697699633964
17,1.2130233849181318,1,30,-1.6344410041473818
18,1.0366792484045857,1,0,0.6498767438290997
19,1.5534572365255426,1,0,-0.3273609647170455
20,1.5149094684204332,1,0,-0.6711501062447487
21,2.0387822651544867,1,0,-0.2566924334514178
24,2.7338623131514512,1,0,-0.07516282947417945
25,3.01262034474718,1,0,-0.0772699748642078
26,3.0539132925432284,1,0,0.16374256812194446
27,3.8890394810158533,1,30,-0.3566719681225346
28,4.157154668414568,1,30,-1.732541919974349
31,2.3772739236571443,1,30,0.6961788835195812
32,2.3225416992460555,1,30,0.3515325882532683
33,4.962412885914311,0,30,0.2924543532434186
35,1.8497119820980767,1,30,0.9472057098801769
36,1.7649979610723825,1,5,1.842636732379197
37,2.535837091957609,1,30,0.9574175366346053
38,2.6145296049899485,1,5,-0.704319033849337
39,2.906855743463283,1,5,-0.9350944767200421
40,2.031737740148849,1,30,-0.16250506413710586
43,2.270533886843901,1,30,0.3283561910357818
47,2.488422963580305,1,30,-0.1924140597051141
48,2.7776785596556817,1,30,-1.1818104376992462
49,2.817334158237783,1,30,-0.9338051978077071
52,1.7206917949414784,1,2,-0.7957664494927753
53,1.236251376578426,1,30,0.2901735013249612
54,2.046944153854436,1,30,0.7484271513203289
56,2.223591913798613,1,2,2.8916117812492095
58,1.1941868310037225,1,2,-1.3577207939290346
63,1.198025402224001,1,2,-0.7248487632220353
64,1.3884096969141035,1,2,-0.9038598174254018
65,1.1481716241107458,1,2,0.8268047724404841
67,1.131577292529461,1,2,-0.6342192831286786
68,1.2770184820912949,1,2,-0.3460195927198044
71,1.4037930208191178,1,2,-0.40455535504814233
72,1.4340904952223323,1,5,0.5034209821666229
73,1.5824809678189315,1,5,0.6054363039201616
74,1.1658974873118542,1,30,0.44636672803152305
75,1.3216757559555066,1,5,-1.2026296789946418
76,1.3135249349835163,1,5,0.3819716204015396
78,2.9022369165825683,1,30,-0.399216056050888
79,2.929352901166524,1,30,0.7902654669138072
81,6.382704202364987,0,30,0.40702696924011494
82,3.8188954131065045,1,30,1.3766690342706374
86,1.8066906397794391,1,40,0.4499893353206488
87,3.3598551205448763,1,40,0.9036739841682276
88,4.176482069820299,1,30,-2.3977039497585664
89,2.1898292577729106,1,5,0.26254539806351845
90,6.214637829762559,0,40,-0.7904965179433202
92,1.9871588301952725,1,2,0.15964212445119852
95,2.185739863506443,1,30,-0.33928527987097795
97,2.037535120818632,1,5,0.7736183963007791
99,1.7882870866769078,1,30,-1.5801945588905368
101,2.020331965177799,1,30,-0.4753876337145364
104,4.342190904601713,0,40,-0.2544666917429594
105,2.6439018302795767,1,2,-0.894155172815093
106,2.548923736299664,1,2,-0.21798977177034096
107,1.5807121628833851,1,2,-0.9610080241775446
109,1.9802126943816882,1,30,-1.2210276212698041
110,1.7821556619812058,1,30,-0.5224444557359832
111,1.5716321696614588,1,30,0.6412735249044373
112,1.6771373928000437,1,30,0.2801285319623283
113,2.061769208344884,1,30,0.5154405436847568
115,1.5229522014344858,1,30,-2.595387237530033
117,6.104023999128481,1,15,0.759472925769066
121,6.9767893331642,1,15,0.037137080920409765
122,6.547416008726412,1,15,0.44708546320298537
123,6.298047622734079,1,15,1.1068111250563883
124,2.1133143696234464,1,30,-0.005250675253804173
125,2.2321545455536067,1,30,-0.4199999223930599
126,2.9000272308068067,1,30,1.1614407623847984
129,2.71892571569193,1,30,-1.8294854949574513
130,2.187341478110358,1,5,-1.0451300023050571
132,2.8342708224547364,1,5,0.9882866280499449
133,2.92394166795864,1,5,-0.5975668449319326
134,2.2287270071580934,1,5,-1.3625819347452364
135,2.3886275009519524,1,5,-0.49645224519314585
136,2.3631908335221925,1,5,-0.0409139732419838
139,3.438364573226428,1,5,-0.7483454139115304
140,1.4874309256718268,1,40,-0.5210392843089657
141,1.2700138128094014,1,40,-0.4593966283453896
143,1.8861356400878155,1,40,-0.2747370244832747
145,2.2662874780353985,1,40,-1.3099083399797182
146,2.0638573536880025,1,40,1.2143819779778047
147,2.6583495305794806,1,40,1.7806427074134985
148,2.4313365424165183,1,40,0.9567379922160413
150,2.2928885609698417,1,40,-1.1529460313753936
152,2.3414053748190757,1,40,0.3543763837357759
154,1.2702512434751174,1,40,0.16215444079605962
155,1.5242741761720084,1,40,0.9076364805655084
156,1.6188647718702975,1,40,0.10293280853709172
157,2.222481937886715,1,40,-0.10285440512706398
158,1.8521559570188784,1,40,0.3639465134819461
159,1.4122202371607322,1,40,1.923296395916452
161,2.498550852342797,1,0,-0.6464809124179861
164,1.880762311779021,1,0,-0.31329487105283604
165,1.8941841494674976,1,0,0.45455003602183963
166,3.1331447341470726,1,0,-2.019912924714285
168,2.138625914371344,1,0,0.2229999109313446
170,2.427850458202051,1,0,0.9006478058469604
172,3.1358904742275016,1,0,0.7802862795868649
173,2.5851847350437462,1,0,-0.6841469319223616
174,3.17497010047764,1,0,-0.5245620753594891
175,3.1384738570395405,1,0,0.1891083112895811
176,1.9299086036952557,1,2,0.6189616786929415
177,1.8544347784689743,1,2,0.7184996100942725
178,3.143285788810158,1,2,-0.1639284121217355
179,2.034059664533281,1,5,0.7971620239458992
180,3.4386287481396804,0,5,-0.4736158346803325
184,9.01039614216391,0,30,-0.1909797065076686
188,4.5186791897889815,1,30,-0.6043034904419073
189,2.7615828246138467,1,30,0.10786542999147918
190,3.9672714734973296,1,30,1.9564764757847424
192,4.767154250386873,0,30,-0.01693615087325971
193,4.958632629132712,1,30,0.6591758684087529
194,6.175901559759398,1,30,-0.24955542814427967
195,6.025991759830798,1,30,-0.3725517133706002
196,3.9009280407097675,1,30,1.034740391803759
198,4.908434916862351,1,30,0.8551791638176546
199,3.4447376220827373,1,30,-0.8866642796964797
200,3.5978392038289044,1,30,-0.5242343044176127
201,2.992153907701838,1,30,-0.15590510132707686
202,4.649959003902704,1,30,0.813073029762812
205,9.722606622014297,0,30,-0.7611068272146955
206,12.026538918714213,0,30,-0.47939609642981995
207,5.473351340501443,0,15,-0.25048228108869525
209,4.125666897694805,1,22,-1.42952629149747
211,6.7628613287460615,1,30,0.6083335556384849
214,3.538604593833562,1,30,1.9384722585070995
216,1.0996885317464848,1,2,1.0777306892972827
217,1.2839376537814613,1,2,-0.8365554360411793
219,2.769583645875778,1,40,-0.018423206416114005
220,1.2514118204782672,1,30,-2.325207711667862
223,1.3688985168675112,1,30,-0.08910522900709747
224,1.5193142561747366,1,2,0.1272445120135905
226,0.8816825223515105,1,0,-0.4042621512233765
227,1.0821561152886132,1,0,0.6849434466112438
228,1.4325259056776425,1,30,0.5935123583887836
230,1.9533440490104463,1,0,2.2817538066567913
231,1.6630282646171657,1,0,-1.1188363771708272
232,2.4416456106371887,1,0,0.9637463432011915
234,0.8499720156495194,1,0,0.8747180454802013
235,1.1224046695468568,1,30,-0.43791888376743815
236,1.2943171276806134,1,30,0.6421726591355498
238,1.1298982638592356,1,30,0.8769728042218932
239,0.9274393179997564,1,30,0.1689370911243849
241,9.219832318085999,0,30,1.8305026116753704
242,12.037927285224136,0,30,-0.14292493461580094
243,11.715424506833427,0,30,-0.1572185550730617
244,8.27376289160342,1,30,-0.4286078647698588
245,2.071318277458381,1,30,0.6816478300968439
246,1.8490384623974296,1,30,0.38239081203449443
248,1.9121562854737515,1,30,-1.7098212839709006
250,2.20720391055535,1,40,0.18041836919021229
251,13.566351369859884,0,30,0.6527835022852401
253,1.9869271211572879,1,40,-1.8606378094678517
255,3.04927974086464,1,40,0.07309626632100288
257,2.162203418184858,1,40,0.12684341383875564
258,14.476815197763045,1,30,-0.06049050314587763
260,1.8371579531875564,1,30,-0.49073970258573857
261,2.005992500399368,1,30,1.0851552024291415
262,2.6401115100312937,1,30,1.0770236762285625
265,4.2386494746610435,1,30,-0.09983481384083111
267,3.638629003249135,1,30,-2.4172780988743705
270,2.996834232322262,1,30,0.06882746498659999
271,3.872782142142999,1,30,1.3220379580311528
272,2.5036817669308657,1,40,0.18374235788918475
273,3.898677432147844,1,30,0.2917451204349589
275,3.9537294581137834,1,30,-1.991047163627451
276,3.9298954746341614,1,30,-0.07602112306993163
277,3.9284734250219513,1,30,1.0320841957206155
278,3.907551638939207,1,40,-1.8904887308618976
279,3.9536297664330715,1,40,-0.4905375101647924
281,5.358547247219639,0,30,0.3382715869285863
284,3.73328667969298,1,40,-1.248934889472109
286,2.55808344340876,1,30,-0.5094957142784696
287,2.3446615524943777,1,30,-1.3412130245241023
289,2.5572230583982307,0,30,-1.865768639996258
291,1.8821546919642704,1,40,-0.1764850125409236
292,2.1749711688663096,1,40,1.2101926409064143
293,2.227778518314097,1,40,-0.0816534439365315
295,2.248597591961622,1,5,0.23707096345083062
296,3.3990966354830627,0,5,0.2138976081901595
297,1.910589224878248,1,40,-0.45848479430393685
298,1.982156038228811,1,40,-0.14846073330840823
299,1.6756616664357633,1,30,-0.35794944154261105
300,1.7609549098783044,1,40,0.152199574367817
301,1.2610301264720027,1,30,-1.8191523382458927
302,1.037373594848665,1,30,-0.06461169314851392
303,1.2670199240261155,1,30,0.08523375120670615
304,1.3821566878799871,1,30,-0.1836803860443064
307,5.478636231192257,1,30,1.6161327309623705
308,3.1100572749296846,1,40,-0.590390993632145
309,4.8968417336748615,0,30,0.10014103010683895
311,2.908608658529092,1,40,-0.02286154965920996
312,3.032157327249789,1,30,0.656986492435735
313,3.211172510703437,1,30,-0.5542897984871308
314,3.527396134985831,1,30,-0.27121335155591775
317,4.182448305791488,0,30,-0.6830735087200144
318,2.968445966710516,1,40,-0.3050015866937083
319,3.2413343832922075,1,40,0.5949676389231902
320,3.6748542285847714,1,40,1.2062401911260683
321,2.199551411649672,1,40,-0.4052634167813935
322,7.112531803366897,0,12,0.9079075229513438
323,7.02116491032424,0,12,-0.36042787005843063
324,2.117785853723872,1,40,-0.6966211474402288
325,2.31291073010212,1,40,0.7793323328119794
326,1.6992056074538928,1,30,-0.6665653453295581
328,2.953908277942753,1,40,0.4897368678621233
330,2.9108958274306733,1,40,-0.5888327151840584
331,4.1744038625998,1,30,-1.4784614359131023
333,2.4415147423861527,1,30,-0.7811434047988854
334,2.6989244341169254,1,30,-1.1438414458160333
335,2.5061116639540413,1,30,0.4058950738189022
336,3.0989244492504446,1,30,-1.1999923116704914
338,2.734084785237863,1,40,-1.4005538437934681
339,2.222414389339296,1,40,-0.547575832792381
340,2.3408935088600162,1,40,0.2202365310509971
341,2.698675135496813,1,40,-0.18569731183257607
343,3.619384735309678,1,40,0.12332403089821038
347,2.390407701854416,1,30,-1.3454742737508978
349,2.4821550284013143,1,30,-0.4743526882646044
350,8.164169221963567,0,22,-0.852039070674182
351,8.815477661871167,0,30,0.3932075713411554
353,1.3684195908710155,1,30,-1.2118278875316995
354,2.2181887443149506,1,30,1.6964894997381164
355,1.6981430217569942,1,40,-0.03477309110312964
357,4.093111372175919,1,30,-1.5807784288408435
358,2.2246513703496635,1,30,-1.6190397580672216
359,1.7965015412673604,1,30,0.9141749817640062
361,3.899332429936364,1,30,-1.3050196367354323
363,1.9055275133925127,1,40,1.0416263106570671
364,24.27642249229657,0,40,0.8851595590367743
365,18.508134862694146,0,40,-0.6741947931505269
366,1.6211082123478957,1,0,-0.9214207701451587
367,2.175608212113368,1,0,0.2197801145982755
368,1.7821575530674088,1,0,-0.012416264095678545
369,2.1489245533774235,1,0,0.19774104086966965
371,3.0007762818982147,1,30,0.4019440859958178
372,4.45688493876391,1,30,-1.0653834504558255
373,4.073652361178967,1,30,0.3687756683798989
374,1.7247291730646768,1,2,0.43200185985615747
375,1.9508567700487345,1,2,0.4234281508900243
377,1.6781132742984164,1,0,-0.05695856150337404
378,1.8628997717525104,1,0,0.3118149729343374
379,2.0489256609270057,1,0,-0.16160066753789146
380,1.655881270842798,1,0,0.7141070314133852
381,1.7247646002186086,1,0,1.7707631160198483
382,2.048924199916169,1,0,1.852204649679952
384,2.7820538440223768,1,0,-0.8216113426065103
385,2.7595778323093274,1,0,1.541105746554844
386,2.8724913756670127,1,0,-1.2466670961094113
387,1.4721330391444878,1,40,1.326481420450717
389,1.7674953280517454,1,30,0.6246888670327478
391,2.038628406555005,1,30,1.6810247051260976
392,3.0114029374143483,1,30,1.8808620976217012
394,1.9821581127344945,1,30,-2.059804293742345
396,3.4296038596762286,1,30,-1.3506433823311375
397,2.4064521811743207,1,5,0.44586808755295704
398,3.5506180610787417,1,40,-0.5476527760873375
399,3.188628423204344,1,40,0.442276306112185
400,3.479372663830864,1,40,1.3951124078604158
401,2.815898270393212,1,40,-0.3744571892509095
402,2.8852750460465115,1,40,-0.3812572887487467
404,2.2638485843098217,0,40,-1.0572560826276236
405,8.610546941027303,0,10,-1.271031710663511
408,4.098457127279681,1,30,0.4689933409910167
410,3.6751824421958483,1,40,2.2541605578583073
411,4.383974661166305,1,40,-1.4410124429151199
413,4.531179607931351,1,40,-0.12976567742634693
414,2.3785370940155484,1,30,-0.9733972829280947
415,5.250113025497092,1,30,0.6104154684748107
416,5.244610074604153,1,30,-1.7893429324299168
417,5.494082817513249,1,30,-0.22136301882288054
418,6.045022695999162,0,30,1.3862835939035032
419,6.138280917397523,0,30,1.7801568667698562
420,5.578045111638253,1,30,-0.4938795170933774
422,5.955095750138848,0,30,0.3606692980736709
423,6.1123171408181305,0,30,0.531859322073676
425,5.016718254924314,1,30,1.379038889497476
426,5.208301030102058,1,30,0.6265821945600742
428,8.448654184047994,0,30,0.4969134976575781
431,2.2033765742556284,1,40,0.8354328643165511
432,4.0721544678947135,1,30,-0.8375349461429453
433,16.632463853896144,0,22,-0.25279766716246904
434,16.481093868793,0,22,0.6705761031074895
436,16.625791545773634,0,22,-1.7083214682955166
437,10.356790523596926,1,22,-1.5300163223972352
438,16.34429294938672,0,22,-0.9670657776651882
440,15.549476761315471,0,22,0.5135085257399424
442,1.3303549149020024,1,0,-0.13175088233854126
443,1.243236988297374,1,0,-1.3870281724770903
444,1.7248677889859898,1,0,0.3978170110563072
445,1.94622077221348,1,0,-1.391505305144481
446,2.0304732761929096,1,0,-2.5642317196892788
448,1.7486282790890333,1,0,-0.0600670797109391
449,2.461430551090732,1,0,-0.5576019982315722
452,11.888202165894644,1,22,-1.4046383461800371
453,12.485090849176276,1,30,0.051748110440927635
454,11.538821058888535,1,30,-1.2500951635736202
455,10.23420918874172,1,22,0.3691968286004393
458,4.46661126710965,0,40,-1.0528406520224123
459,7.20875191590813,0,30,1.1765273337204432
460,5.6525914120355045,1,30,0.5699321047551017
466,4.8086072843229415,0,30,0.3520150104681767
468,5.533931922809272,0,30,0.7687274519192165
469,4.032201164112856,0,40,0.8807257475531375
472,6.521694434920727,1,30,-0.23298867342848864
473,8.054006367862133,1,30,-0.3090276977596195
474,7.459151482525067,1,30,-1.70158995790443
475,7.370681887507849,1,30,-0.10482379191898251
476,7.858884478483106,0,15,-0.20022194453260103
477,7.202449086250301,1,30,-1.5118341581529549
478,5.862443123663818,0,40,-0.36250862609169493
479,4.776165637711493,1,40,-0.4532588876869581
482,4.760965321283937,0,40,1.635564130408177
483,6.345389846583401,0,30,2.7732172213004564
484,6.5347602322841825,1,30,-0.11098270158535864
485,6.174325143011183,1,30,0.8357131451074542
487,7.620032550004907,0,15,-1.3402685651822313
488,7.847978959063845,1,30,0.18962608257086044
490,7.824139569334693,0,30,-0.736612144536304
491,8.083741992684834,0,30,-0.32328892928045555
492,7.7122753368113175,1,30,0.24956900101233642
493,8.296382938998349,0,30,1.0535051374903075
494,8.2974570350782,1,30,2.049916672576009
496,7.235491880971877,1,30,-0.5018061450425497
497,9.983071620672133,0,30,2.223105747029362
499,9.492155476286651,0,30,0.16597660718456278
500,2.293057924530399,1,5,1.4605029357236765
501,3.2145662804519985,1,30,1.063308726094777
502,7.034040123138214,1,30,0.2036889301823746
505,12.267256124239653,0,30,0.09065454956965528
507,12.370102654218964,0,30,1.3105386945037836
508,12.365366719496427,0,30,1.0158076026374914
511,3.3716691421567755,1,30,1.1454750682880745
512,2.14253646605313,1,30,0.6887100373498459
515,3.4239251057347566,1,30,0.17347968008244086
516,2.547977221925404,1,30,0.3030652040356401
517,24.893788723951136,1,30,0.059314116793466855
518,1.6898120715692877,1,40,0.7107076652184652
520,4.272158070157182,1,30,0.2512655857454375
521,27.537696978280568,1,30,-1.174445536486748
522,4.316088793439592,1,30,0.5932996551530548
523,2.9231958558529216,1,40,-1.1622845640997634
524,2.7326716930821893,1,40,0.0906924964014642
525,2.3386296222308505,1,40,0.3357357092833494
526,2.023162165211985,1,40,0.9841073248186267
527,26.381865574262882,0,30,0.2563794936635896
528,6.674132697272178,1,30,0.17563982270190398
529,12.055898039435744,0,30,-0.5707276914333662
531,3.8068649005857997,1,30,-0.8749461466011359
532,6.766516407438836,1,30,-1.8805049171822585
533,5.427166035893069,1,30,1.5033740954622894
534,2.3886277710288524,1,30,-0.6203010236682994
535,2.7125021091748307,1,30,-0.41797055400440564
536,1.3821537235971868,1,40,0.01272707383710713
537,1.9416959470790056,0,40,1.000815825013185
538,2.6018026685512354,1,30,0.5900113634750379
540,3.6341227434429566,1,30,-0.8086351189504267
541,3.8096670091253615,1,30,-1.3365619721503867
542,6.3443865558470645,1,22,-1.4367944606361387
543,8.682698562942592,1,22,-0.829495102871838
544,3.0951728026789778,1,30,-1.1073820284572766
545,1.0529306191147592,1,30,-0.6881288910497264
547,1.4585252955125163,1,30,-0.4697108945667581
548,1.2988665204456544,1,30,-2.820715137205014
549,2.8249363217873142,1,30,-0.014121468991208773
551,1.4404912016442664,1,2,1.1150146820771298
552,2.1988628436749504,1,2,0.12046550535513864
553,1.5505194351246296,1,2,0.5492436460841101
554,2.8304361370715365,1,40,-0.3734543454487363
557,1.3600592009624295,1,30,0.2529278870012254
558,1.1346613201607385,1,2,0.669836505747365
559,1.2094407191852856,1,30,-1.0576312334831541
560,1.1761532041925669,1,30,0.8089608860252815
561,1.1563841797633072,1,30,1.3473564537919736
562,1.2031869923241636,1,30,-0.13334125970436259
564,1.3474500396762052,1,30,1.195615677705741
565,1.5345687993916852,1,2,1.4868002551796613
566,1.1450691650238514,1,30,-0.8173966235479849
568,1.13337177628895,1,30,0.31316199611775697
569,1.2434852347108096,1,2,0.3180254889488688
570,1.3723313401422153,1,30,-1.1285913343492522
571,1.4775109230610517,1,2,0.03513530451852842
573,1.352892459020665,1,30,0.6887510915635606
574,1.2404041373029515,1,30,-0.06431376352880605
575,1.439232536698298,1,2,-0.0036896854897488776
577,2.2870800005774803,1,30,0.22053223506497496
578,1.6362712502446686,1,30,-0.48668666343082195
579,2.2164425689152902,1,30,-1.7972299470059796
581,1.970054232597968,1,30,-0.13778513369432108
582,2.127941861969461,1,2,-1.626844180249444
585,1.7751346086205575,1,2,-0.031779197345403055
587,1.2250621675884688,1,30,2.120323443268751
588,1.6172124308474367,1,30,-0.9496172028836813
590,1.338357730161187,1,30,0.30327600240989466
591,4.323841650376616,1,30,1.1323284976036405
592,3.6341227048355353,1,30,0.2442696385509439
593,4.727297382980362,0,30,-1.2483580859594412
595,2.603386972675144,1,40,-0.668328916681513
600,12.416505835472414,1,25,-1.9354153766968212
602,3.8268234107169934,1,30,1.235139792397193
603,2.548007109736375,1,2,2.490516865116185
604,2.0516457767202847,1,2,0.23792701703178135
606,4.334077859502516,1,30,-0.25328536296249105
609,5.917833974429485,1,30,1.5752629488504524
610,15.75748147068703,1,25,-0.7327261978453864
612,46.64571524499382,1,30,0.6304423045131607
614,7.268856035848841,1,30,1.3688133093414852
615,7.151135350742633,1,22,-1.0193018294761287
616,6.772071992578742,1,22,-0.01169885684016479
619,8.246669021962768,0,30,-0.43332116692901684
620,13.865994619879286,0,30,0.6690668475965539
621,13.247728712464275,0,30,0.33602511571880517
623,11.72160988520509,1,30,0.7837638768342559
624,12.840931615304587,0,30,-0.6548303782652145
626,10.364649762018939,1,30,-0.7982929025674438
627,12.288798960976935,0,30,-0.8280017596448667
628,13.717979650625546,0,30,-0.2091128002880616
630,2.238627312791853,1,2,-0.28659573408165817
631,6.594521797940997,1,30,-0.32660446404830473
632,6.243504271167718,1,30,-1.6749515425348405
634,4.0021603042749385,1,30,-0.5712613787058688
635,4.07971361256473,1,30,-0.3251213215309566
636,7.905294112894367,0,30,0.6994322375036204
637,12.504473685660848,1,30,1.116537684018493
642,7.529778469619354,0,30,-0.18025938631648616
643,3.715192899884218,1,30,-1.5591264299680447
644,4.759974592560532,1,30,-0.9281822983374777
647,6.290049656986133,1,30,-1.3087816190246273
648,5.924723633821992,1,30,0.09845331397601853
649,6.692186939294895,0,30,-1.5183907215309684
651,6.6840576798567986,0,15,1.048053443112035
652,5.8791153322758385,1,15,0.23955309652338766
653,6.368218460066161,1,15,0.5108356491834463
654,4.0989254504346935,0,40,0.891691288462387
656,4.36229771153865,0,40,-0.8561190706550372
657,3.0360601369344486,1,30,0.234329662754347
658,4.185481885524495,1,40,-1.805598641211242
661,3.6681809997549912,1,30,0.1095505678150965
662,4.308520665523727,1,30,1.045935023381169
663,5.676034943766415,1,30,-0.5887698491878192
665,3.8153564461292206,1,30,0.30202333623636185
667,2.617735564566308,1,30,0.04576981487964429
668,2.4519747992708134,1,30,0.7506803149569035
669,3.89668288728202,1,30,0.9981482082217321
672,3.274456626467527,1,30,1.0948305467238149
675,3.190062448712241,1,0,-0.7507901409663927
676,2.4989247247745907,1,0,0.5892966483062962
678,5.1598353122796965,1,30,0.1406762575031207
679,3.572973250860223,1,40,-0.27668273110959424
680,4.3870027371726765,1,40,0.47247779315061
681,3.2770944159174737,1,30,-0.8804736129146852
682,2.189504849310885,1,30,0.05124441583424252
683,1.6665005980338308,1,30,-0.7103162086349039
684,4.658072076264286,1,30,1.7887494424186863
685,24.717571388897447,1,40,1.0035223972391334
686,3.907157905581343,1,30,0.2393167380166887
687,3.295793699331077,1,40,-0.5244307100205495
688,3.1233877089148403,1,40,-1.5643467628926941
689,3.0935273798591902,1,40,-1.2907300976372198
691,2.217154958068523,1,30,-0.07281919264337774
692,4.043379178166757,1,30,-0.1598134051821374
693,1.957160710489572,1,30,-0.6255973499178794
694,4.346854504223468,1,30,-1.4184104201522647
695,4.132461687070315,1,30,-0.8888076763514748
696,4.362701444485452,1,30,-0.09830422191879425
697,6.972007421351445,1,22,0.7818354583145883
698,8.621727662403448,0,30,0.2288547374969581
699,8.249460643444102,0,30,0.14297087955650684
700,4.251069067897322,1,30,0.4883569661157751
702,4.7224110707937195,1,30,0.9255633985654146
703,4.254422983829242,1,30,-0.18732123065798623
704,14.474900393548836,0,30,-1.5705248110974883
705,16.370739558636767,0,30,-0.6339899523250974
707,0.93314339077997,1,0,-0.22032799040691317
709,0.7536448388573415,1,0,0.04443690537854341
710,1.4957295371621906,1,0,0.6110656014471593
711,2.365230435722306,1,0,-0.1610963973448654
712,1.4750267394528584,1,0,-0.8272818622427226
713,1.4901580750392318,1,0,0.9234194782255997
715,2.2330069292652155,1,0,0.317879647705356
716,14.632137485035427,0,20,0.025067427242904394
720,8.184800114390264,0,30,-2.54920930586851
721,7.253565340882101,0,15,-1.9911744736890227
722,9.251776837537266,0,30,-0.6900550617554053
723,9.068929695783053,0,30,-0.8136926345261644
724,8.169153093333938,1,30,-0.6161525909465294
725,7.516174230133066,1,30,0.6673805641302679
726,8.575877627498603,1,30,-1.9472207091919485
731,2.332154618275156,1,5,0.7351703481879397
732,3.0386272599910806,1,30,1.2638419995518317
733,1.86832306694936,1,30,0.40561788944159793
734,1.2598897372996032,1,30,0.8112103675768556
735,3.8552407107040665,1,30,-0.09350173430067976
737,2.3209630662903638,1,30,-0.36065687415847664
741,4.003862916552708,1,30,-0.45717107919204364
743,6.72985986852875,1,30,0.8214081562081909
744,7.426200674869435,1,30,0.5566189345770381
745,7.0489311507776025,1,30,2.2961796291540497
746,2.238627546292979,1,2,1.069201177513941
748,3.1202831573876724,1,40,1.121986700194634
750,2.0074717730969,1,0,-1.242404473235958
751,2.554964248021109,1,0,-0.40175385234659955
753,3.650361327085268,1,40,1.102928129469959
754,1.0036962259048603,1,40,-1.5090451390258415
755,1.3041572976943727,1,30,0.1398227093313059
758,4.1987938140267484,1,30,-1.0207905802268458
759,4.215141427021538,1,30,0.3380215850555765
760,4.092157479521807,1,30,0.6421478662507093
761,2.859618081600292,1,30,0.06799852171183438
763,1.8945302118385985,1,30,-0.17093089319358706
764,1.7821515448229,1,2,-0.7618527780788803
766,4.318355881694935,1,12,0.4217643074293534
767,5.20552910876008,0,30,0.5930857411017401
769,4.666236084804977,1,30,1.1358155689227876
770,3.93338454330498,1,30,-0.5912099958302526
772,2.7514421746146267,1,30,-0.19331605981052577
773,8.276265481574029,1,30,0.05752092537316731
774,7.644997312891897,0,30,-0.9637705918790663
775,6.591986373095647,1,30,-0.8975468602101859
776,8.99852532108865,0,30,1.8546955718424665
779,3.736905509823807,1,30,0.9518353313967883
780,3.720818385070973,1,30,-0.1655552669140244
782,5.556834615915159,0,30,-1.7311480376914512
783,5.575752239643017,0,30,-0.3563637332279802
784,6.7858630521243395,0,30,-1.811759080647287
785,4.787156583902656,1,30,-0.5465926057412906
786,5.316092702726916,0,30,-0.2586007879253593
787,5.068486529816581,0,30,0.8438211578140666
789,1.9344092579908485,1,5,-1.003262492232162
791,2.3249175032967635,1,40,-0.10712283529715226
793,1.8991254102938684,1,0,-0.7924966798066573
795,2.0886277939272344,1,0,0.5396795177225365
796,1.8856073669627864,1,0,-1.0819314861939198
797,2.5989236990957645,1,0,-0.5455677356380616
799,2.132013564320621,1,0,-0.37787395621236436
800,2.088627703030088,1,0,-0.07696487581915734
801,2.2933072523212528,1,0,1.1154424671118914
802,1.9392910655044224,1,0,-2.2645881502558045
803,2.3489254340416497,1,30,-1.150879108784546
804,1.7287092904601846,1,30,-0.5938130849411644
805,3.1620537242296543,1,0,0.12014334354611983
806,3.1331447781910087,1,0,-0.5721795181301174
807,1.8826814045379,1,0,0.014918544950019772
808,2.417121326781251,1,0,0.21861458660382338
809,3.1713122212885563,1,0,1.3091238047154046
810,3.126822316683912,1,30,-0.4443269426649589
811,2.077875233636664,1,0,0.3851536405357855
812,1.9321577021000367,1,0,-0.8504860806190264
813,1.9886293845254828,1,0,1.465649442960282
814,3.170530761431662,1,0,-1.4143190676664554
816,3.161456570979801,1,0,0.509137059533465
819,1.841885219575432,1,0,0.6142733871881515
820,3.0921228373537755,1,0,0.25647464049848445
821,14.749620815031856,1,30,0.24981579940592044
822,1.6221558454760234,1,0,0.8678292467694629
824,1.925726166394529,1,30,-0.2436525546424114
825,2.378994581124112,1,30,0.15415877117192658
826,2.339470669391083,1,2,0.2911467437926312
827,8.540237148411407,0,20,0.1809838379813573
828,8.658076152439433,0,20,-1.0874658327300684
830,7.347593524640181,1,20,-0.16746502604627325
831,6.5793911865906916,1,20,0.6472778968818391
832,7.925087982453188,0,20,-1.1540418839615483
833,8.437976321583673,0,20,1.1884234788918548
834,8.371494276031273,0,20,0.388124355855992
835,8.76626381778558,1,30,0.5873835575249208
836,2.9403663864615517,1,30,0.02528997029235291
837,5.342083586543792,1,30,0.871644355613833
838,17.312668262580733,1,30,-0.8574690066539579
839,1.5392660439145525,1,30,-0.12163817839254126
840,5.311141032567519,1,30,-0.8764024953872703
841,1.9034792734358548,1,0,0.01798123439794688
842,2.038628712376986,1,0,-1.8868583688510951
843,1.8885723949537936,1,0,-0.15427916487502358
844,2.0386284862976027,1,0,-1.259248699280936
845,2.368923925512211,1,0,0.30778739337898986
846,2.933144610897472,1,0,1.5074322286790818
847,2.418924941533956,1,0,-0.9752659257822917
848,2.9820538107130603,1,0,0.7755298269507888
852,17.144897794042915,0,22,1.8841687590959244
854,16.817563357515848,0,22,0.8100305174063963
855,16.929757277736638,0,22,-0.8208911014745415
857,5.429865164658529,1,30,-0.5873091392476653
858,56.92308159713247,0,30,-0.19045706541368398
859,6.4546819819941295,1,20,-0.15839346334088694
860,7.13392603114043,1,20,-0.9105414738231592
862,6.229908103491211,1,30,-1.4908789238670026
863,-4.328615981201821,1,30,0.056519508395280874
865,49.04446088758135,0,30,-1.3449113907481671
868,18.212962252535764,0,30,2.363471107892126
869,11.125296690521383,0,30,0.7704013335780979
870,10.56718210668937,0,30,-0.5003153703512636
871,14.851022571542456,0,30,0.22822736705430194
872,11.890190537151014,0,20,-1.9627134242766104
873,1.8070807855304087,1,30,0.3792991408011035
874,6.916021971499183,1,12,0.40245646123007467
875,3.0485169874860114,1,40,0.2913685126943447
877,5.865266800041258,1,30,-0.17102692423527718
878,2.655598376770338,1,30,-0.15005763288594856
880,3.5153922317849653,1,30,-0.6223035464512217
881,3.878952766810559,1,30,-2.0506821817203544
882,4.706837395851092,1,30,-0.1494985492560316
883,3.9753942402320575,1,30,-0.3368304486325804
884,5.25616147420352,1,30,0.24597455954502492
886,23.03107272997772,1,25,0.001411872311245993
887,7.202964908870577,1,30,-1.4322472026177153
888,6.743601347201108,1,30,-0.349068005347947
889,20.32654175081668,1,40,-0.4929608718284213
891,10.916327319540986,1,30,1.1380603429303215
892,11.380001133042125,1,30,0.8646656397745367
893,12.583487184227266,1,30,0.32964144391003075
894,12.583974798088832,0,30,-0.243575734422879
895,5.0915008099630565,1,30,-1.3088426086897296
896,5.9163622446950725,1,12,-0.46679270658603206
898,7.356716292231441,0,20,0.060195952604535856
899,7.857106183406645,0,20,-0.49327846043720264
900,4.491576261249278,1,12,-0.9622552671069917
901,30.726464582069635,1,30,-1.5134968722426543
903,4.372153525791889,1,30,-0.7069152414314929
904,4.857008869008799,1,30,-0.654080415207625
905,3.540361065285275,1,30,-1.6874661392564727
906,3.216192101746413,1,30,0.361901532914479
907,4.196856846102303,1,30,0.48546382165401775
908,5.73839249575549,1,30,-0.10133116510676138
909,16.122155376811513,0,30,2.535702274636964
910,6.133967359071567,0,30,-0.08671802357426352
911,11.118758287951687,0,30,-0.2580177353256088
912,8.133521582407441,0,30,0.11021799209603061
914,11.943966795784654,0,30,-1.3152316563190292
915,11.736337034526365,1,30,1.0241903600752127
917,10.696986276005942,0,30,0.08073515109070248
918,10.85445139868655,0,30,0.01979044570759742
921,1.7077338972143086,1,30,-0.8776978713906759
924,5.864884542203575,1,30,0.035140620967963276
925,4.918291642347211,1,10,0.07385593309277963
927,4.547162586578956,1,30,1.867033694219089
928,3.7549737001881933,1,30,0.31821269560473814
929,4.044511324065192,1,30,-0.6593573222589342
930,3.9071555196444727,1,30,0.3976147101438875
932,5.753119480793643,1,30,-0.9502266749857795
934,10.536332551118749,0,30,-0.3480687923894847
935,9.494337100050327,1,25,-0.6809635124297299
936,8.939146065212329,1,30,0.5302757249340421
941,3.4749362889896327,1,30,-0.7261443415586447
942,5.229659128503061,0,30,-0.8414113303245891
943,4.1086787393481785,1,30,0.1244097629371386
944,4.535552687692807,1,30,-0.04770471077528046
945,5.382158117309399,1,30,0.908266904806269
946,3.4571538163605355,1,40,-1.40959295513802
947,6.91500397073931,0,22,1.0095555894120878
948,28.10224991784037,0,20,-1.0904610095758296
949,2.0254823415444823,1,2,-0.5483871324720094
950,2.488925354599409,1,2,-2.3967288740031156
951,2.1686287426619737,1,2,-0.09363726584489562
952,2.396736214518914,1,2,0.2844971943001897
953,2.3590887034369823,1,2,-0.02598679678590934
954,3.2712774021693867,1,2,-0.06475179650392753
955,3.2990229714623704,1,2,0.4821401651821821
956,2.0304522004708345,1,2,1.1881616990856616
957,3.1473603452162155,1,30,-0.4287749434543577
959,3.765001258644357,1,30,0.28295715903104784
960,4.079158379049449,1,40,0.5511993798269516
964,6.025299932410476,0,12,0.5224305842054098
965,4.091828479632536,1,30,1.4383017690809834
967,4.4876147628044025,1,30,0.2078652352740457
968,4.692206749097908,1,30,-1.0257584080117006
969,1.6949049799707767,1,0,-0.5051425876126696
971,2.203315368702285,1,0,-1.439870594831507
975,8.72536682402809,0,30,0.4530772230488953
976,7.620235083376683,1,30,-0.51155439151073
978,1.5409672519849082,1,30,0.3418060254622171
979,4.954782306121159,0,40,0.9118929848573591
980,5.3896808743253,0,40,0.9282597631470926
983,5.762020059507504,0,30,0.7400961344467487
987,7.614638941707621,1,30,-0.0818529805630328
988,7.214924478376057,1,30,-0.5824241952599817
993,7.583166253032548,0,30,-0.9302746484264877
994,5.848103752583232,0,30,2.457155120285701
995,5.686536116334809,1,30,-1.1081725342589304
996,5.966821562219206,1,30,0.4127449523348469
998,2.288394431094269,1,40,0.7709459650163971
999,1.8271981345770845,1,30,2.4130150946988747
1002,23.84977897291988,0,30,0.41037770607712876
1008,1.6914902419514115,1,2,2.4255852277657453
1009,2.258225476477813,1,2,-0.9499572147889538
1010,1.6895003075065826,1,2,-1.0085347885492024
1011,1.969504700715757,1,2,-1.042054123378107
1012,2.1786793262558763,1,2,-1.6365746150741747
1013,3.0287083912587964,1,2,0.08478967315195028
1014,1.880037230717116,1,2,2.1151534028831374
1015,2.1797237195923898,1,2,-0.4543006308505911
1016,1.5513513537107433,1,2,0.3785804464970873
1017,3.730180209061965,0,40,0.8619294156856955
1018,2.2890877474150284,1,2,1.9471231186998934
1020,2.1834004352617646,1,5,0.5454329929925849
1021,2.608249462972169,1,5,0.6887427366100785
1022,2.873524303687098,1,30,-2.2591722457854533
1028,7.30147557791513,0,40,-1.5381926731796056
1029,7.7788393817261134,0,10,0.19320677963196636
1032,2.182844880103536,1,2,-1.4213874452201298
1033,2.047095693053488,1,2,-0.05628956834866385
1034,6.377508396052357,0,30,-1.4817590997208603
1038,1.823046712990968,1,40,-1.5334221055202244
1041,3.9776983091032165,1,40,-1.068695218816462
1042,2.412999017153396,1,40,0.3548506145956054
1045,4.097118175751589,1,40,0.8253707740492635
1046,3.743021845674208,0,30,0.406837130410946
1047,4.7234998641605985,0,30,0.2857434473754343
1048,4.136687521429568,1,30,-1.0813283868365575
1049,2.8985284939024774,1,30,0.2776426908881262
1050,5.823160848418644,1,30,0.03169571879354004
1052,2.9704837523047924,1,30,0.471545308143918
1053,3.4714414818405355,1,30,0.10688222859549613
1054,3.1530641389518665,1,40,1.1382308028517625
1057,2.438629218471221,1,40,-0.14641643137418636
1058,2.063199431485604,1,30,-0.1704282918055936
1059,5.001723198559388,1,30,-1.099311513624839
1060,7.338202905553105,0,30,-0.488878150560778
1062,8.769304287086863,1,12,1.1573273390793948
1063,6.050374877051115,1,30,2.8707461108098227
1065,1.0386280299369666,1,40,1.1829530936556467
1067,5.5122516718371735,1,30,-0.3298643953858645
1068,5.622830660550552,1,30,0.5657864205144291
1069,7.198008505579844,1,30,0.5517078914433011
1071,2.169778093781658,1,30,0.8651239592200216
1072,1.9619168401359333,1,30,0.8991394969581145
1073,2.4528661605928903,1,0,-1.2239571751303657
1074,2.46320313099029,1,0,-0.09718049712038794
1075,1.879743467472038,1,0,1.8534466986192664
1076,1.9216363954715248,1,0,-1.7441586704897523
1077,4.4863382324979675,1,30,-0.4511430857175592
1078,2.754394185106405,1,30,1.7144204337589293
1079,2.1483780675832858,1,5,0.41100568661230696
1080,2.047570813227707,1,30,1.5187436435739552
1081,1.7864010503073624,1,5,0.5101748043244605
1083,2.579066529617279,1,30,0.9011405836754006
1086,4.283190951521799,1,30,0.9852371434790993
1087,5.272758535879552,1,30,0.9928987527983951
1089,2.572395193253163,1,30,0.5121462222401336
1090,2.698870911890593,1,30,-0.9854716572262394
1092,58.495310334646504,0,25,0.006545139526937692
1093,4.325578109539666,0,30,-0.7661640555782503
1095,3.7876907911892745,0,30,-0.1776032406274636
1096,16.20658976910457,0,30,0.7328549275850613
1097,39.77997662302096,0,40,-1.1249779900222825
1098,23.23056284516138,0,40,0.6485162439463265
1099,5.787081050966929,0,10,0.008482343480931038
1100,3.8916403015684913,0,30,-1.0771425402544403
1101,31.84914129069862,0,40,1.4178722813859472
1102,37.9376514729495,0,30,-0.7299499584475913
1104,10.059588469687416,0,30,-1.786375665215489
1106,11.540524031054124,0,30,0.3699197158481695
1107,4.034414589916829,1,30,0.9674055110160164
1109,5.122121969189557,0,30,-1.252480737747415
1110,5.984846151369148,0,30,0.19143223065621257
1111,6.437461482566255,0,30,-1.854640921981164
1112,13.765630830543547,0,25,0.27027015508293034
1113,14.234822446965847,0,25,-0.9184297213753999
1114,11.961441855898366,0,30,1.3687176155332497
1115,18.41894571768797,0,20,0.9422823936694344
1116,15.714065424461293,0,20,0.7079157059884883
1117,17.575176619708714,0,20,-0.20189613282025776
1120,3.9497665603933134,0,40,1.1361275544909246
1121,4.054991371527227,0,40,0.6056742097609402
1123,4.769161850629407,0,40,-0.32827258511428065
1124,4.988989570125871,0,40,1.1299872579431212
1125,3.363531309577973,0,40,-0.09930883189439783
1126,4.995856985259293,0,40,-1.4936736414398009
1127,5.070415205014367,0,30,-0.5864406831583396
1128,4.068953166285493,0,40,0.9709425625801871
1129,4.118961754961873,0,30,0.23393118647936853
1132,5.571583839270432,0,40,1.0342906580275932
1133,28.82394096314273,0,30,1.8238696390662386
1134,7.1614373935160325,0,30,-0.8387661032890248
1135,6.624102931022768,0,30,0.621358313473345
1136,9.848186643751426,0,30,-0.7301698779643725
1137,11.247325485698259,0,30,1.2751813756768116
1141,19.702022106897022,0,22,1.5322213444188184
1142,28.901495141561536,0,25,1.1794807724167056
1143,19.52735705334953,0,25,0.910451327581042
1144,22.58534980972093,0,30,0.2501918604597598
1145,4.193998699485023,0,40,-0.4274690631155522
1146,5.212923060865268,0,40,0.5577650048336151
1147,12.647999805127402,0,30,1.9283872953893668
1148,5.876874663050383,0,12,-1.3024487859948424
1149,3.8299397806758844,0,30,-2.324860493974333
1150,4.253204274300071,0,40,-0.1009303870420694
1153,4.083635876324491,0,30,-0.14626421084538455
1154,3.257930121980241,1,40,1.1920330831492503
1155,5.0082289705932,1,30,-0.2538173484033603
1158,5.079192131555517,0,30,-1.1946947753084662
1159,5.346903872211931,0,40,-0.5227185679026717
1160,5.453864808103039,0,40,0.479511114815516
1161,5.491888353759881,0,40,-1.1161015934077474
1162,5.386972639230884,0,40,-0.7000107373180501
1163,5.506057571598975,0,40,0.5798038988039633
1164,4.1382771438807335,0,40,-0.7095876258370504
1165,3.1334580886701686,0,40,-2.112369747612152
1166,2.574279420411988,1,40,-0.5617053240680207
1167,3.221997091926518,0,40,-0.2068158783336831
1168,3.5064437171616696,1,40,1.5841388714493794
1170,2.48800864971954,1,40,-0.35463300118321356
1171,3.2670731125906447,0,40,1.4005196224949208
1172,2.318966302817808,1,40,2.989054535237206
1173,3.706975337660442,0,40,1.0669717222642228
1175,2.876951575052696,1,40,-0.17448227292660373
1176,2.9711797759832503,1,40,1.8631076915880027
1177,4.191913464684381,0,40,-0.04326860743606969
1178,4.084304798079351,0,40,0.9188671963816489
1179,3.234979500311166,1,40,-0.18169592538100926
1180,3.1718008126353103,1,40,1.2489161502013246
1182,2.793662824302301,1,40,1.355733825739272
1184,4.206313675429249,0,40,-0.2892025521190836
1185,4.277583308187524,0,40,1.5468418136392323
1186,4.230014487378702,0,40,-0.0288661596421268
1187,2.6447487231547813,1,40,0.8997895036266266
1188,2.7299789276515085,1,40,0.023402921564843745
1191,4.329958844604931,0,40,-0.450102728844765
1192,4.252223332100591,0,40,-0.43318138283061525
1194,4.3790881114582,0,40,1.7154976683328784
1195,2.5584055256910343,1,40,0.12875764513564625
1196,2.445031324479186,1,40,0.041860653561996135
1198,2.9539761568969443,0,40,1.3167195439402473
1200,3.1864326933436584,0,40,1.4838257059740148
1203,3.4368210619923936,0,40,-0.33990716044346564
1205,7.699215344585358,0,12,-1.238267141189663
1207,24.328921861238126,0,30,-0.08272914237749403
1208,13.579206743019473,0,30,0.7521081668915087
1209,7.747075866940056,0,30,0.33724267694648097
1211,5.618587580269674,0,12,-2.1995130784033123
1212,17.983533537018246,0,30,-1.1251985166853251
1213,5.831520114288023,0,40,-0.687484046834563
1214,5.9025926517987335,0,40,-1.6605572104926514
1218,6.098924079073536,0,40,0.21571512302604473
1219,6.237405917711222,0,40,2.311113136634189
1220,4.7946525336600585,0,40,0.24775474133702713
1222,3.685343077808391,1,40,0.11810654957678422
1223,3.963192228177781,0,40,0.4907073528145214
1224,6.801197030665767,0,30,0.869193899195135
1227,4.312577686007985,0,30,0.16460793436907695
1228,4.781663644736604,0,30,-0.00789276295380469
1229,5.171492647208769,0,30,-0.7342581734603352
1230,4.570248994672839,0,30,1.445170710843
1232,4.25712201761107,1,40,1.2368276479891684
1233,3.905825296931764,1,40,-0.7080339108130471
1234,4.360826094838217,1,40,0.8537290988131162
1235,6.4918784223682025,0,12,-0.9376712023808701
1237,4.483576497403369,0,30,-0.5753777174945044
1240,8.339667668062416,0,15,0.292926640098576
1241,4.1829215050362825,0,40,0.2403456268768341
1244,3.1534015007148155,1,30,1.0593625973117975
1245,4.045080005853325,0,30,0.07887761768634127
1246,3.0235584358490413,1,40,-0.3670658082311201
1247,3.4233521985829847,0,30,1.3179160510161703
1248,41.598739983149706,0,40,1.1350087302906327
1249,7.531394237157754,0,12,1.511213391956788
1250,8.5781472160812,0,12,-0.5813064326905513
1252,8.099947542752712,0,30,1.71693693286078
1254,8.189775516080326,0,20,-0.9637836120566307
1255,8.924931865694306,0,30,-1.8340773820476333
1257,8.211585822524277,0,30,-1.6170280757708138
1259,7.852458671919131,0,30,0.045029718146578745
1260,7.954581183259102,0,30,-0.17981824137843958
1261,21.550400314784326,0,20,-0.362881481803766
1263,4.788926001068444,0,40,0.6735719214085568
1264,4.713575034477833,0,40,0.1286262319925211
1265,21.84177732461521,0,30,0.6528344439258719
1267,4.571608779490453,0,30,0.26371330387804115
1269,4.180906439776532,1,30,-0.22559503279233392
1270,3.868924811244737,0,40,0.7091364854331387
1276,10.402564600456406,0,30,-0.22858307244072196
1278,8.678684335875644,0,15,1.9723749238656267
1280,13.465204122718287,1,30,-1.0322424391677147
1281,15.237698242447696,0,15,-0.18850571130147092
1282,8.852838710253947,0,30,-1.2683385861715075
1283,8.914520940405732,1,12,0.07022829844868249
1284,9.680536242574481,0,12,-0.5278083962562781
1285,3.949503567186989,0,30,-1.139748073626128
1287,4.347309659124654,0,40,-0.7490757668896166
1288,3.722091862156804,0,40,-2.2246112703951515
1289,4.101211350215748,0,40,-0.007746479033510805
1290,3.508792798671777,1,40,-1.7248406231795634
1291,11.090322547326656,0,30,-1.0579861838201763
1292,5.0268345888142525,0,30,-0.4861203976838275
1294,4.699172655562034,0,30,1.995687542333784
1295,3.798457353179161,1,40,1.2608985160613098
1296,4.141076974282067,0,40,-0.9867828800215181
1297,4.421574122011945,0,40,0.5167709736480433
1299,4.3598297419845045,0,40,-0.6849876268721655
1300,3.652468403733833,0,40,-1.2038438662493955
1301,4.715117824647754,0,30,0.16410717126786672
1303,5.19017827307268,0,40,-0.1605487122466911
1304,5.384974502992481,0,30,0.6245888557564099
1305,5.483632737467449,0,30,-0.10357590179714239
1306,5.453110606549387,0,30,0.8176645661639376
1310,12.119068173442821,0,15,0.9824679513450775
1311,10.525321015071984,0,15,-0.8340468536919895
1312,3.3651322140387405,1,40,-0.19959433900920878
1313,3.1145758344340355,1,40,0.059762431866129416
1314,4.822282803757604,0,40,-0.5720419675556375
1316,4.94814983431283,0,40,-1.957134566860802
1318,5.010443040003747,0,30,-1.4640002509340326
1319,5.03357302685856,0,30,0.42116482412113937
1320,5.2006262373715595,0,30,-1.5136785261652124
1322,14.490075281202277,0,12,0.036851985622299986
1323,18.03661832158932,0,12,-0.33740679221595066
1327,3.550146895776509,1,40,1.5211385753084463
1328,3.6485492831915964,1,40,0.6588370950808874
1329,3.0193122521060385,1,40,-1.4805108113057572
1330,5.281022943606471,0,15,-0.2517414523740359
1331,10.712724141340678,0,22,0.18335692362493164
1334,8.800748069337097,0,20,0.3701601502528354
1335,8.693643864951053,0,20,-0.5932996318403477
1336,36.201330733163424,0,25,-1.2838957060447471
1338,46.22043963960662,0,25,0.16648834080835456
1339,68.97520407259867,0,25,-0.6477308443683566
1340,49.15917713939768,0,25,-2.1489215317641204
1342,9.318152666438849,1,30,0.40729317291755734
1343,2.8679461001711632,1,30,-0.6096033544691181
1344,1.8114370621171247,1,5,0.09351267273792517
1346,1.5521578816053212,1,40,1.6742502364412684
1348,1.4930902460293334,1,40,-0.05134246433918285
1349,1.2182406315076295,1,40,-0.47738247732453615
1355,1.5531350507396255,1,40,0.7170572828577804
1357,1.2238617012252198,1,40,0.6696327804664772
1358,1.282157115180382,1,40,0.0333001737464492
1360,1.4418814518038638,1,40,0.3324069889839529
1361,1.1739972862174657,1,40,-0.7898581777978206
1363,1.2543276750295265,1,40,0.3356648321371067
1364,1.3701756394028872,1,40,-0.008159298614344944
1365,1.2065392485114328,1,40,1.0421512814800022
1367,1.312292675212053,1,40,-0.41610129421206477
1369,1.3671556567035423,1,40,-0.8147381601918503
1371,2.655923164739668,1,40,-1.1797793563010786
1375,1.5519042828173129,1,40,0.025512800398301807
1376,1.306536360341873,1,40,-0.8004537650093978
1377,1.2345461403397515,1,40,0.8891795762830208
1378,3.552157674779066,0,40,-2.038463810473484
1379,4.266698843511799,0,40,-0.5897630224270112
1380,3.338154119285249,1,40,-0.8244226861178081
1381,3.352773056298428,1,40,-0.2579922267650589
1382,3.5745491502676474,0,40,0.8384469656804555
1383,4.107880905341742,0,40,0.015874206836744537
1384,3.498320893265084,0,40,-0.8698818044320911
1387,1.4573631744134632,1,30,-0.6086459375103178
1388,3.157733095820851,1,30,0.8660350375748598
1390,1.33488523373997,1,30,0.8682707092469715
1391,1.451240956912324,1,40,0.42634425192183556
1392,1.448458150611096,1,40,0.9331771015607052
1395,1.5537741692972618,1,40,1.0279113080405398
1398,1.2314444388623904,1,40,-0.0935730921374241
1399,1.4995650170598367,1,40,0.04083484823454126
1402,1.575234856853059,1,40,-1.7588766109544374
1403,1.0684234348487738,1,40,-0.3179498716093177
1405,1.2289852842076117,1,40,0.12965273535317998
1406,1.2853936443933975,1,40,0.8691044148064903
1407,1.2191149705802051,1,40,0.1722800283843052
1408,1.3296127318911646,1,40,-1.9575403659740709
1409,7.225726728185418,0,30,2.3891662403799625
1410,1.3821155218458752,1,0,0.9835002739787275
1412,1.6840128516615511,1,0,0.007378828787208977
1415,1.724622877160456,1,2,-0.14328400464301874
1416,1.5397216822853887,1,0,1.5881528795614208
1419,1.459175688071266,1,0,-0.46258408595706557
1421,1.840906096324706,1,5,-1.7828646927413239
1422,1.6174754984076092,1,5,0.9806879179764859
1424,3.578534113240775,0,40,1.4388871028732986
1425,2.2071566577863453,1,40,0.7978632253060259
1428,3.3483340432615907,1,40,0.1323940169156993
1429,4.146025317691792,0,40,1.9268189394994397
1430,1.3460777880993045,1,30,-0.06305623792140576
1431,1.6423013427511703,1,0,-0.47432099654341847
1433,12.314149216408412,0,30,-0.7286976333842178
1434,1.5287577559171268,1,40,1.1476623127844996
1437,0.9556787959400572,1,40,-0.10655159183406991
1438,1.6483143129457978,1,40,-1.0840207849386525
1440,2.108418271269965,1,30,-0.058779186901512695
1441,1.5548184755334724,1,40,-0.648735950621925
1443,2.0017917980500735,1,40,0.607712907561855
1444,1.600205291689344,1,40,0.9590389351884652
1445,3.0390885193210497,1,40,1.1478163853957275
1446,0.9352744854028552,1,30,0.02951789844929825
1447,1.3174034593520014,1,40,-0.5747054222301876
1448,1.046912598068034,1,30,-0.2761666193066626
1449,1.8386284043146517,1,40,0.49200004018873594
1450,1.1088762409598674,1,40,0.9727510087279663
1451,1.4777996904687458,1,40,2.6741827891164394
1452,3.186454153094453,1,30,0.2591726384235718
1453,2.097503677489734,1,40,-0.4727851883679688
1455,2.6417614367472586,1,40,-1.3801879731582338
1458,1.9821575301646688,1,40,-0.16567501708441668
1459,2.9499252056331526,1,40,-0.778470893571909
1461,1.3588277788255214,1,0,-0.6810439746637404
1462,1.3821222197533514,1,0,-0.2919543537469389
1463,1.5565773333388884,1,0,0.4056471143406382
1464,1.7806928942885962,1,40,1.248624640223664
1465,1.6327725982203307,1,40,-0.3899092448853642
1466,1.3469666382675336,1,40,-0.7314726605662383
1467,1.1380505851867269,1,40,0.9817980734050759
1472,1.623092074119982,1,40,-0.786318760237744
1473,1.5321580476593188,1,40,-0.32035719333183893
1474,1.4540599668235703,1,40,1.1096839408321573
1475,2.7565206074919493,0,40,0.2861477394825279
1476,2.638627649367703,1,40,0.513592980488988
1478,2.3821531991809333,1,40,1.8865649544693102
1479,2.392156755135232,1,40,0.27640503786242404
1480,1.3872885362936571,1,40,-0.44759447755884985
1481,1.3366827096031333,1,40,1.5669278017184558
1483,1.3640821524452702,1,40,0.1819807642209069
1484,0.8208668118096545,1,40,1.4422115448428672
1485,1.9932748696483529,1,40,-0.8402145620613312
1486,2.007955459896364,1,40,-0.8224349911176405
1488,2.308618799538688,1,2,-0.6447979614208982
1489,1.926010306971477,1,2,0.5717680431749337
1490,2.0359114798491715,1,2,-1.1731534063665956
1492,2.4152779703237206,1,40,-0.2868531154561233
1494,1.4371552386411783,1,5,1.417444158831502
1495,1.8746136882187832,1,5,0.14507552285556416
1496,1.851020578358103,1,30,-0.8253548414969323
1498,3.325850516404183,1,40,-0.6939435286544907
1499,3.0559068590791294,1,40,-0.5532173476219705
1500,1.6587450083493769,1,0,0.5843999466765855
1501,3.8026401354850656,0,40,-0.8443968267483508
1504,2.689326106353189,1,40,0.4202540812628979
1506,1.8386288861053253,1,2,0.29248924379491115
1507,1.3526257993635005,1,40,-0.510282263606396
1508,1.4531561779238233,1,40,0.3128162421995299
1509,1.7555829742835574,1,2,0.8754150768134353
1510,4.006882385102001,1,10,0.5882307028454252
1511,4.207584841782927,0,10,0.3357738357399804
1514,3.391988151633311,1,40,-0.38609425232147404
1515,3.9678702252944613,1,10,-2.353178024827142
1516,1.4578979538982222,1,2,0.7772711034939926
1517,1.6576711762182776,0,2,-1.5149608796102323
1518,35.6108024116154,0,22,0.031419632218312586
1519,26.326754571815986,0,22,-1.3579505359322068
1520,31.579149059048767,0,22,-1.006308070092282
1521,36.18690404346408,0,22,0.6985955859141189
1522,18.6476816271838,0,22,-0.8846921143549289
1524,16.93555769427747,0,22,-0.9995033453653569
1527,21.493278817961773,0,22,-1.6981886708433904
1528,19.37001209597153,0,22,0.21340878606786953
1529,16.355960242600258,0,22,1.4674254092922563
1530,17.158001626904245,0,22,1.7298348492859532
1531,18.82493475011106,0,22,-2.287952596712045
1532,10.689481147752158,0,22,-0.523555859022035
1533,25.35057311214104,0,25,-0.6019115369631849
1536,10.022682898081307,0,22,1.5448627595631568
1537,3.9316275754715733,1,30,0.8240803921634434
1538,5.797678072775049,0,15,-0.22416418863858598
1539,6.1258062106844005,0,15,-0.06311371377700045
1540,5.335484350838954,0,12,1.0107438634874792
1541,5.598401554448708,0,12,0.694402000401469
1543,5.9473333327151705,0,12,-0.591890240059129
1546,4.6997445009733,0,40,-1.3562658939289318
1547,7.0649488973208925,1,15,1.8478979346906061
1548,8.417375448058324,0,30,-0.563925079392164
1549,5.6528524000579345,0,20,-0.5313029956794275
1553,8.199057156645615,0,30,-1.0709206931883601
1554,2.6373017069670626,1,40,0.05005993335188489
1555,1.9545026283134983,1,30,1.6126016401778918
1557,1.9109982759519264,1,30,-0.48959127476646774
1559,2.021566292563453,1,30,-1.916096538066309
1560,3.2885129966299305,1,40,-1.146521044603589
1561,2.1645962065575035,0,30,-0.6395417111353197
1563,2.265523967884686,1,5,0.6269617201606273
1567,2.1274768079249298,1,5,0.1491509372511401
1568,14.013160842850967,0,20,0.30697694740614656
1569,1.7844598032114312,1,40,1.7369808345468638
1574,3.068759381144216,1,5,-0.7578280162644676
1576,2.1632949857152983,1,5,0.018500932214874474
1577,7.875098198984357,0,15,-0.7596261838893946
1578,8.155261594072918,0,15,0.5514263884902268
1579,2.065566274512168,1,5,0.5413461434818818
1580,2.4544140123108003,1,40,0.9716345613812484
1581,2.6449707480057363,1,40,1.0188231589120216
1582,3.2392229781809503,1,40,-1.047517068915932
1583,3.5931977702055162,1,30,-0.046316966744618424
1584,5.825546025068058,0,30,1.4548823599690974
1586,5.151894214779186,0,30,-0.5562297809238714
1589,2.7299841628792274,1,30,1.3208389934648124
1592,4.12338250309651,1,30,-0.1392916658058155
1594,3.79296076386374,1,30,-1.5228721543099524
1595,6.247946897365434,0,30,-0.03788580773324698
1596,7.717850960712871,0,30,1.0857380932178
1597,6.069300898355901,0,30,-2.8118392392511176
1599,3.134579630953102,1,30,-0.6181302764089144
1600,5.35560123325095,0,30,0.5560814396275413
1601,3.3429914467576154,1,30,-0.08567111274887079
1603,5.938139359134008,0,30,-0.4342587424013849
1604,3.536589020610307,0,30,0.08602054972755888
1605,3.3589362491450667,1,30,-1.1699117249225566
1606,3.7536293571766257,1,30,0.5508043130530257
1607,3.5238279290561785,1,30,-0.46890546209080347
1609,2.1084185971220264,1,40,-0.4212617202236634
1610,2.089074536457234,1,40,-1.4211574370876758
1611,2.689207066580501,1,40,0.6610362252813545
1612,2.69740561864592,1,40,-0.5425992234702844
1613,2.778127687313366,1,40,-1.2726534685117221
1614,1.9105613019950467,1,40,-0.38608755944430384
1617,2.6978953885945205,1,40,-0.21516187113218668
1619,1.8729472029879897,1,40,-0.31977718882688444
1621,2.093548157552917,1,40,0.5088838621746701
1622,2.471301267398563,1,40,-1.5419381207405647
1623,3.4453453627373487,1,30,1.0073736856851
1624,8.111327022392015,0,30,-1.3706961303202052
1625,8.216081049083696,0,30,-1.1213252748961537
1627,8.245235974523494,0,30,1.2925244186377918
1629,3.127312851052838,1,30,-1.3403455149026577
1630,2.580856561432744,1,30,-1.3987213881923237
1631,6.31623853052308,0,30,-0.3996367103355025
1632,5.346748975223714,0,30,0.7253116614858925
1633,8.998552393461043,0,25,-0.562022319242134
1636,9.629124770451607,0,25,0.09776883138150023
1638,8.708609335023947,0,25,-0.663356172128704
1639,2.6821574760053832,1,5,-1.231003418424065
1641,3.0386293146808936,0,5,-1.1357872633556483
1642,2.7851668442683057,1,5,1.92012757955384
1643,3.0286286041509802,1,5,-1.599171153882644
1646,2.596587613164152,1,5,2.7535636488181945
1647,3.4789257219132628,0,5,0.017251598047410627
1651,1.639041760733547,1,5,0.21548925177271577
1652,1.804460419102712,1,30,0.5934293285851745
1655,1.0211931002007426,1,40,1.1534283545759167
1657,3.6679601803220137,1,30,-1.5664952404349803
1658,3.115791411976596,1,30,-0.5791127294149209
1659,2.6915609912854124,1,30,-0.3025891735630455
1660,1.7795341997839382,1,30,0.02057542536443573
1662,3.1497292789167277,1,40,0.7602027707495178
1664,5.509031440396782,0,40,0.7954136721388738
1665,5.8453466813462365,0,30,-0.486807686567844
1666,7.987861209860608,0,30,-0.7345684539687924
1667,2.8255575682313387,1,40,-0.20285205166439918
1668,1.61928951166224,1,30,0.21039571655733486
1669,2.0489249868039665,1,30,-1.0758834751036164
1671,2.104740047723001,1,2,-1.2369011893861448
1673,2.1442249763139505,1,2,-0.612162328814581
1674,1.3327762180998195,1,2,-0.015327206012142368
1677,1.6286293568987409,1,40,0.6985266820571396
1678,2.017022081421928,1,30,0.6768129859104881
1680,0.9141811304266544,1,40,-0.3252845207877229
1681,2.2320543825976724,1,40,-0.8094031250375034
1683,2.2168733366645226,1,40,0.48407272605044893
1684,2.5275301412236284,1,30,0.06275033364881664
1685,2.8382318646338187,1,40,-0.0033954723903208326
1686,2.677173384630493,1,40,0.5686810938468136
1687,2.9310663277539333,0,30,-3.1952050176217357
1689,2.057525784426282,1,40,-1.8849564231518723
1690,4.519985114144402,0,30,0.07957792115736993
1691,2.3337527536595126,1,40,-0.2974315720856662
1692,3.0847240160847518,1,40,-0.8331196869523013
1693,2.2327512772160376,1,40,0.2868175219445026
1695,2.158365219402604,0,30,-0.2848094865451785
1697,5.0532804973108485,0,30,-0.6164413814098871
1698,2.0237528411995784,1,40,1.384185775938188
1699,4.284515316075755,0,30,-1.264876041457382
1701,3.432053993189858,1,40,-0.45299051653835676
1702,3.433144705103782,0,40,1.2957333409298826
1705,3.960692199517003,0,40,-1.3351952490543697
1706,2.8154374339210584,1,40,-0.24190764409506196
1709,2.3802930915758136,1,40,-0.38578891085463474
1710,3.0303229624722303,1,40,0.2886974094442703
1712,5.77772702408271,0,30,1.2348561988145985
1713,4.283109545392646,0,40,-1.145623850159087
1714,2.2221544344903603,1,40,1.0374788751120145
1716,4.254893181521449,0,40,0.28690682101037734
1718,4.037204111449362,0,40,0.7186087438882488
1720,2.2076208771026127,1,40,-1.354467998186219
1721,2.23407646337511,1,40,-0.443456008350952
1723,1.8577546530772144,1,5,-0.26672972566266767
1726,2.8316697181401276,1,5,0.39203219374502213
1727,5.86548568709912,0,30,-1.1967625697723998
1728,3.459547267307629,0,12,-0.8933642544352686
1729,10.748625582493961,0,30,0.8050293858177694
